ofertas,tipo_de_producto,disco_duro_tipo_de_disco_duro,grafica_salida_de_video,comunicaciones_conectividad,comunicaciones_version_bluetooth,comunicaciones_estandar_wifi,procesador_fabricante,disco_duro_numero_de_discos_duros_instalados,ram_tipo,grafica_tipo_memoria,sistema_operativo_arquitectura_bit,almacenamiento_lector_optico,comunicaciones_estandar_lan,conectividad_conexion,otras_caracteristicas_articulo_incluido,grafica_caracteristica_tarjeta,tipo,conectividad_conexion_frontal,propiedades_de_la_carcasa_tipo_de_caja,propiedades_de_la_carcasa_color,propiedades_de_la_carcasa_material_de_la_carcasa,adecuado_para,procesador_numero_de_hilos_de_ejecucion,ram_numero_ranuras_memoria,propiedades_de_la_carcasa_bahia_interna_de_2_5,propiedades_de_la_carcasa_bahia_interna_de_3_5,disco_duro_capacidad_disco_duro_tb,propiedades_de_la_carcasa_bahia_externa_de_5_25,caracteristicas_especiales,otras_caracteristicas_modo_de_sonido,propiedades_de_la_carcasa_superficie_del_material,disco_duro_capacidad_disco_duro_gb,procesador_placa_base,procesador_procesadores_compatibles,precio_min,precio_max,precio_mean,medidas_y_peso_profundidad_cm,medidas_y_peso_ancho_cm,medidas_y_peso_peso_kg,procesador_cache_mb,ram_memoria_gb,ram_frecuencia_de_la_memoria_mhz,disco_duro_capacidad_de_memoria_ssd_gb,procesador_frecuencia_de_reloj_ghz,procesador_frecuencia_turbo_max_ghz,ram_extension_de_memoria_maxima_gb,disco_duro_velocidad_de_rotacion_del_disco_duro_rpm,medidas_y_peso_alto_cm,procesador_frecuencia_del_reloj_ghz,procesador_tdp_watts,titulo_freq,procesador_freq,grafica_tarjeta_freq,serie_freq,otras_caracteristicas_equipamiento_freq,procesador_nombre_clave_freq,propiedades_de_la_carcasa_alimentacion_freq,grafica_memoria_freq,procesador_tipo_freq,procesador_chipset_de_la_placa_base_freq,sistema_operativo_sistema_operativo_freq,procesador_numero_nucleos_freq,grafica_numero_de_ranuras_para_pcie_freq,procesador_zocalo_de_cpu_freq
2.0,Workstation,disco duro SSD,DisplayPort,wifi,,,Intel,,,GDDR5,,ninguno,,,,,Desktop,,,negro,,empresas,,,,,,,,,,,,,799.0,819.0,809.0,,,,,32.0,,500.0,,,,,,,,1,7.0,,,111.0,,,679.0,833.0,,,,,
143.0,Workstation,,,Ethernet,,,,,,,,,Ethernet 10/100/1000,,,,Desktop,,torre,,,empresas,,,,,,,,,,,,,1059.18,5779.76,3419.47,38.5,16.9,,,,,,,,,,35.0,,,1,,,94.0,,,931.0,,,64.0,,,,
56.0,Workstation,,,Ethernet,,,,,,,,,Ethernet 10/100/1000,,,Ray tracing,Desktop,,,,,"empresas, gaming, principiante, profesional",,,,,,,,,,,,,1126.47,11013.82,6070.14,30.8,15.5,,,,,,,,,,33.0,,,1,,,,,,,,,,,,,
2.0,Workstation,disco duro SSD,,Ethernet,,,,1.0,DDR5,GDDR6,64.0,ninguno,Ethernet 10/100/1000,,,Ray tracing,Desktop,,,negro,,"empresas, gaming, principiante, profesional",,4.0,,,,,,,,,,,1193.98,1698.0,1445.99,30.8,15.5,5.7,,32.0,4800.0,1000.0,,,128.0,,33.0,,,1,15.0,487.0,,2259.0,,57.0,679.0,356.0,,1182.0,,,
13.0,Workstation,disco duro SSD,,,,,,,DDR5,,,,,,,,Desktop,,torre,,,,28.0,,,,,,,,,,,,1405.15,2112.9,1759.03,,,,33.0,32.0,4400.0,1000.0,2.1,5.4,,,,2.1,65.0,1,69.0,487.0,135.0,,866.0,,,833.0,,1182.0,160.0,,749.0
36.0,Workstation,,,Ethernet,Bluetooth 5.2,IEEE 802.11ax,Intel,,DDR5,,,,Ethernet 10/100/1000,,,,Desktop,,torre,negro,,empresas,,,1.0,,,,,,,,,,668.57,2300.96,1484.77,30.8,15.5,,,,,,,,,,33.0,,,1,,,112.0,,,931.0,,,92.0,,,,
48.0,Workstation,,,Ethernet,,,Intel,,,,,,,,,,Desktop,,,negro,,empresas,,,,,,,,,,,,,1190.0,4240.48,2715.24,21.8,21.1,,,,,,,,,,6.0,,,1,,,94.0,,,931.0,,,,,,,
10.0,Workstation,disco duro SSD,DisplayPort,Ethernet,,,Intel,1.0,DDR5,,64.0,,Ethernet 10/100/1000,,,,Desktop,,torre,negro,,empresas,28.0,4.0,,,,,,,,,,,1415.07,2003.99,1709.53,38.5,16.9,7.2,33.0,32.0,4800.0,1000.0,2.1,5.4,128.0,,35.0,2.1,65.0,1,69.0,374.0,94.0,2259.0,207.0,36.0,3731.0,833.0,64.0,1182.0,160.0,,749.0
9.0,Workstation,disco duro SSD,,Ethernet,,,Intel,1.0,DDR5,GDDR6,64.0,ninguno,Ethernet 10/100/1000,,,,Desktop,,torre,negro,,empresas,32.0,4.0,,,,,,,,,,,2309.71,4158.92,3234.32,38.5,16.9,7.2,36.0,32.0,4800.0,1000.0,,6.0,,,35.0,3.2,125.0,1,25.0,31.0,94.0,2259.0,866.0,36.0,193.0,356.0,64.0,1182.0,194.0,,
12.0,Workstation,disco duro SSD,USB-C,Ethernet,,,Intel,1.0,DDR5,GDDR6,64.0,ninguno,Ethernet 10/100/1000,,,,Desktop,,torre,negro,,,12.0,8.0,,,,,,,,,,,2196.73,3582.03,2889.38,44.4,16.8,10.5,15.0,32.0,4800.0,1000.0,,4.2,,,38.0,2.1,,1,6.0,63.0,21.0,,2.0,1.0,412.0,15.0,17.0,1182.0,813.0,18.0,3.0
9.0,Workstation,disco duro SSD,,Ethernet,,,,1.0,DDR5,,64.0,ninguno,Ethernet 10/100/1000,,,,Desktop,,torre,negro,,,,8.0,,,,,,,,,,,2099.05,3094.52,2596.78,44.4,16.8,10.5,,32.0,4800.0,1000.0,,,512.0,,38.0,,,1,6.0,,21.0,63.0,,931.0,,15.0,17.0,1182.0,,18.0,
10.0,Workstation,disco duro M.2 SSD,,,,,Intel,1.0,DDR4,,,ninguno,,,,,Desktop,,factor de forma pequeño (SFF),negro,,"empresas, principiante",12.0,,,,,,,,,,MSI H510M-A PRO,,403.21,491.38,447.29,41.0,23.0,,18.0,8.0,3200.0,500.0,2.5,4.4,,,48.0,2.5,117.0,1,79.0,202.0,,2259.0,529.0,65.0,3731.0,947.0,,398.0,813.0,,749.0
3.0,Workstation,disco duro SSD,HDMI,"Bluetooth, wifi, Ethernet",Bluetooth 4.0,,,1.0,DDR3,,,,,,,,Desktop,,semitorre,negro,,,,,,,,,,,,,,,784.5,807.64,796.07,16.7,6.7,5.0,25.0,16.0,1866.0,256.0,3.0,3.9,64.0,,25.0,,,1,1.0,1.0,1.0,1.0,,,54.0,,,10.0,589.0,,
10.0,Workstation,disco duro SSD,,Ethernet,Bluetooth 5.2,IEEE 802.11ax,Intel,1.0,DDR5,,64.0,ninguno,Ethernet 10/100/1000,,,,Desktop,,torre,negro,,empresas,24.0,4.0,1.0,,,,,,,,,,668.57,1491.27,1079.92,30.8,15.5,6.1,30.0,16.0,4800.0,512.0,,5.2,128.0,,33.0,2.1,65.0,1,105.0,374.0,112.0,,866.0,931.0,3731.0,833.0,92.0,1182.0,337.0,,749.0
11.0,Workstation,disco duro SSD,,,,,Intel,1.0,DDR4,,,ninguno,,,,,Desktop,,factor de forma pequeño (SFF),negro,chapa de acero,"empresas, principiante",8.0,,,,,,,,,,MSI H510M-A PRO,,300.57,374.99,337.78,41.0,23.0,8.0,6.0,8.0,2666.0,240.0,3.6,4.3,,,48.0,,65.0,1,13.0,108.0,,2259.0,123.0,65.0,,190.0,,398.0,397.0,,135.0
11.0,Workstation,disco duro SSD,,Ethernet,Bluetooth 5.2,IEEE 802.11ax,Intel,1.0,DDR5,,64.0,ninguno,Ethernet 10/100/1000,,,,Desktop,,torre,negro,,empresas,20.0,4.0,1.0,,,,,,,,,,922.28,1326.59,1124.43,30.8,15.5,,24.0,16.0,4800.0,512.0,,4.8,128.0,,33.0,2.5,65.0,1,84.0,374.0,112.0,,866.0,931.0,3731.0,947.0,92.0,1182.0,163.0,,749.0
12.0,Workstation,disco duro SSD,,Ethernet,,,Intel,1.0,DDR5,GDDR6,64.0,ninguno,LAN 10/100/1000/2500,,,,Desktop,,torre,negro,,,28.0,4.0,,,,,,,,,,,1476.24,2149.5,1812.87,42.0,17.3,5.0,33.0,16.0,4400.0,512.0,2.1,5.4,128.0,,37.0,2.1,65.0,1,69.0,22.0,96.0,,207.0,,679.0,833.0,,1182.0,160.0,,749.0
11.0,Workstation,disco duro SSD,,Ethernet,,,Intel,1.0,DDR5,,64.0,ninguno,Ethernet 10/100/1000,,,,Desktop,,torre,negro,,empresas,24.0,4.0,,,,,,,,,,,1463.71,2104.47,1784.09,38.5,16.9,7.2,30.0,32.0,4800.0,1000.0,,5.4,,,35.0,3.4,125.0,1,27.0,374.0,94.0,2259.0,866.0,36.0,3731.0,833.0,64.0,1182.0,337.0,,749.0
34.0,Workstation,disco duro SSD,DisplayPort,Ethernet,,,Intel,1.0,DDR5,,64.0,,LAN 10/100/1000/2500,,,,Desktop,,torre,negro,,,32.0,,,,,,,,,,,,1262.8,2379.77,1821.28,42.0,17.3,7.58,36.0,32.0,,1000.0,,6.0,,,37.0,3.2,125.0,1,25.0,374.0,96.0,,866.0,24.0,3731.0,356.0,,1182.0,194.0,,
20.0,Workstation,,,Ethernet,,,,,DDR5,,,,Ethernet 10/100/1000,,,,Desktop,,factor de forma pequeño (SFF),,,empresas,,,,,,,,,,,,,1067.85,2741.95,1904.9,29.3,9.3,,,,,,,,,,29.0,,,1,,,96.0,,,931.0,,,,,,,
1.0,Workstation,disco duro SSD,,Ethernet,Bluetooth 5.1,IEEE 802.11ac,AMD,,DDR4,,64.0,grabadora DVD,Ethernet 10/100/1000,,,,Desktop,lector de tarjetas,torre,negro,,,,8.0,,,1 TB,,,,,,,,7327.45,7327.45,7327.45,46.0,16.5,,16.0,64.0,3200.0,1000.0,,4.2,,,44.0,3.5,,1,1.0,,135.0,2259.0,,931.0,,8.0,,200.0,1.0,,1.0
1.0,Workstation,disco duro M.2 SSD,,Ethernet,,,AMD,1.0,DDR4,GDDR6,64.0,ninguno,Ethernet 10/100/1000,,,Ray tracing,Desktop,,,negro,,"profesional, empresas",16.0,4.0,,,,,,,,,,,1233.43,1233.43,1233.43,31.5,17.0,9.8,32.0,16.0,3200.0,512.0,,4.6,128.0,,37.0,3.4,65.0,1,3.0,23.0,135.0,,159.0,23.0,9.0,295.0,,1182.0,589.0,,478.0
4.0,Workstation,disco duro M.2 SSD,DisplayPort,Ethernet,,,Intel,1.0,DDR5,,64.0,ninguno,Ethernet 10/100/1000,,,,Desktop,,torre,negro,,empresas,,,,,,,,,,,,,1708.04,2129.99,1919.01,38.5,16.9,7.2,36.0,16.0,4800.0,512.0,,5.6,128.0,,35.0,2.0,,1,15.0,715.0,94.0,,866.0,33.0,3731.0,356.0,64.0,1182.0,194.0,,749.0
10.0,Workstation,,,Ethernet,Bluetooth 5.1,IEEE 802.11ac,,,,,,,Ethernet 10/100/1000,,,,Desktop,lector de tarjetas,torre,,,,,,,,,,,,,,,,2282.19,9129.2,5705.7,46.0,16.5,,,,,,,,,,44.0,,,1,,,135.0,,,931.0,,,,,,,
8.0,Workstation,,,Ethernet,,,,,,,,,Ethernet 10/100/1000,,,,Desktop,,,,,"empresas, profesional",,,,,,,,,,,,,1233.43,3127.99,2180.71,31.5,17.0,,,,,,,,,,37.0,,,1,,,135.0,,,931.0,,,,,,,
59.0,Workstation,,,Ethernet,,,,1.0,,,,,Ethernet 10/100/1000,,,,Desktop,,torre,negro,,,,,,,,,,,,,,,2099.05,14849.53,8474.29,44.4,16.8,,,,,,,,,,38.0,,,1,,,21.0,,,931.0,,,17.0,1182.0,,18.0,
9.0,Workstation,disco duro SSD,,Ethernet,,,Intel,1.0,DDR5,,64.0,ninguno,Ethernet 10/100/1000,,,,Desktop,,torre,negro,,,20.0,8.0,,,,,,,,,,,2537.94,3732.63,3135.28,44.4,16.8,10.5,26.0,64.0,4800.0,1000.0,,4.6,512.0,,38.0,3.1,,1,3.0,,21.0,63.0,,931.0,,15.0,17.0,1182.0,233.0,18.0,
8.0,Workstation,disco duro SSD,DisplayPort,Ethernet,,,,1.0,DDR5,,64.0,ninguno,Ethernet 10/100/1000,,,,Desktop,,torre,negro,,empresas,,4.0,,,,,,,,,,,1463.71,2034.87,1749.29,38.5,16.9,7.2,,16.0,4800.0,512.0,,,128.0,,35.0,,,1,15.0,715.0,94.0,2259.0,,33.0,3731.0,356.0,64.0,1182.0,,,
12.0,Workstation,disco duro SSD,,Ethernet,,,Intel,1.0,DDR5,,64.0,,Ethernet 10/100/1000,,,,Desktop,,torre,negro,,empresas,32.0,4.0,,,,,,,,,,,1659.22,2422.49,2040.86,38.5,16.9,,36.0,32.0,4800.0,1000.0,2.0,5.8,,,35.0,2.0,65.0,1,11.0,374.0,94.0,2259.0,207.0,36.0,3731.0,356.0,64.0,1182.0,194.0,,749.0
11.0,Workstation,disco duro SSD,,Ethernet,,,Intel,1.0,DDR5,GDDR6,64.0,ninguno,Ethernet 10/100/1000,,,,Desktop,,torre,negro,,empresas,28.0,4.0,,,,,,,,,,,1708.04,2485.43,2096.73,38.5,16.9,7.2,33.0,32.0,4800.0,1000.0,2.1,5.4,,,35.0,2.1,65.0,1,69.0,27.0,94.0,2259.0,207.0,7.0,679.0,833.0,64.0,1182.0,160.0,,749.0
11.0,Workstation,disco duro SSD,,Ethernet,,,Intel,1.0,DDR5,GDDR6,64.0,,Ethernet 10/100/1000,,,,Desktop,,torre,negro,,empresas,28.0,4.0,,,,,,,,,,,1952.19,2792.76,2372.48,38.5,16.9,7.2,33.0,32.0,4800.0,1000.0,,5.6,,,35.0,3.4,125.0,1,27.0,63.0,94.0,2259.0,866.0,36.0,412.0,833.0,64.0,1182.0,160.0,,
10.0,Workstation,disco duro SSD,,Ethernet,,,,1.0,DDR5,GDDR6,64.0,ninguno,Ethernet 10/100/1000,,,,Desktop,,torre,negro,,,,8.0,,,,,,,,,,,10252.84,14849.53,12551.19,44.4,16.8,10.5,,64.0,4800.0,1000.0,,,512.0,,38.0,,,1,1.0,1.0,21.0,52.0,,931.0,,15.0,17.0,1182.0,,18.0,
10.0,Workstation,,,Ethernet,,,Intel,1.0,DDR5,GDDR6,64.0,,Ethernet 10/100/1000,,,Ray tracing,Desktop,,,negro,,"empresas, gaming, principiante, profesional",28.0,4.0,,,1 TB,,,,,,,,1903.36,2535.95,2219.65,30.8,15.5,5.7,33.0,32.0,4800.0,1000.0,2.1,5.4,128.0,,33.0,2.1,65.0,1,69.0,487.0,,,207.0,57.0,679.0,833.0,,1182.0,160.0,,749.0
12.0,Workstation,disco duro SSD,,Ethernet,,,Intel,1.0,DDR5,,64.0,ninguno,LAN 10/100/1000/2500,,,,Desktop,,torre,negro,,,28.0,4.0,,,,,,,,,,,1262.8,1787.64,1525.22,42.0,17.3,5.0,33.0,16.0,4400.0,512.0,2.1,5.4,128.0,,37.0,2.1,65.0,1,69.0,,96.0,,207.0,,,833.0,,1182.0,160.0,,749.0
9.0,Workstation,memoria flash,,Ethernet,,,Intel,,DDR5,GDDR6,,ninguno,Ethernet 10/100/1000,,,,Desktop,,factor de forma pequeño (SFF),negro,,empresas,28.0,2.0,,,,,,,,512 GB,,,1370.95,1908.84,1639.89,29.3,9.3,3.87,33.0,16.0,5600.0,,2.1,5.4,64.0,,29.0,2.1,65.0,1,69.0,27.0,96.0,,207.0,931.0,679.0,833.0,,,160.0,,749.0
12.0,Workstation,disco duro SSD,,Ethernet,,,Intel,1.0,DDR5,GDDR6,64.0,,Ethernet 10/100/1000,,,Ray tracing,Desktop,,,negro,,"empresas, gaming, principiante, profesional",28.0,4.0,,,1 TB,,,,,,,,2098.68,2967.24,2532.96,30.8,15.5,5.0,33.0,32.0,4800.0,,2.1,5.4,128.0,,33.0,2.1,65.0,1,69.0,487.0,,,207.0,57.0,679.0,1.0,,1182.0,1.0,,749.0
11.0,Workstation,disco duro SSD,,Ethernet,,,Intel,1.0,DDR5,,64.0,,Ethernet 10/100/1000,,,,Desktop,,torre,negro,,empresas,32.0,4.0,,,,,,,,,,,1805.7,2586.27,2195.99,38.5,16.9,7.2,36.0,32.0,4800.0,1000.0,,6.0,,,35.0,3.2,125.0,1,25.0,374.0,94.0,2259.0,866.0,36.0,3731.0,356.0,64.0,1182.0,194.0,,
10.0,Workstation,disco duro SSD,,Ethernet,,,Intel,1.0,DDR5,GDDR6,64.0,ninguno,,,,,Desktop,,,negro,,empresas,28.0,2.0,,,,,,,,,,,1513.12,2142.18,1827.65,21.8,21.1,2.4,33.0,16.0,5600.0,1000.0,,5.4,64.0,,6.0,2.1,,1,69.0,27.0,94.0,2259.0,866.0,24.0,679.0,833.0,,1182.0,160.0,,749.0
20.0,Workstation,,,Ethernet,,,,,DDR5,,,,Ethernet 10/100/1000,,,,Desktop,,,,,,,,,,,,,,,,,,1252.86,5192.07,3222.46,22.3,8.7,,,,,,,,,,20.0,,,1,,,135.0,,,931.0,,,,1182.0,,10.0,
9.0,Workstation,disco duro SSD,,Ethernet,,,Intel,1.0,DDR5,GDDR6,64.0,ninguno,,,,,Desktop,,,negro,,empresas,32.0,2.0,,,,,,,,,,,2196.7,3000.98,2598.84,21.8,21.1,,36.0,32.0,5600.0,1000.0,2.0,5.8,,,6.0,2.0,65.0,1,11.0,63.0,94.0,2259.0,207.0,24.0,412.0,356.0,,1182.0,194.0,,749.0
10.0,Workstation,disco duro SSD,,Ethernet,,,Intel,1.0,DDR5,GDDR6,64.0,ninguno,Ethernet 10/100/1000,,,Ray tracing,Desktop,,,negro,,"empresas, gaming, principiante, profesional",28.0,4.0,,,,,,,,,,,1708.04,2416.83,2062.43,30.8,15.5,5.7,33.0,16.0,4800.0,512.0,2.1,5.4,,,33.0,2.1,65.0,1,69.0,183.0,,2259.0,207.0,,412.0,833.0,,1182.0,160.0,,749.0
,Workstation,disco duro M.2 SSD,,Ethernet,Bluetooth 5.2,IEEE 802.11ax,Intel,1.0,DDR5,,,ninguno,Ethernet 10/100/1000,,,,Desktop,,torre,negro,,empresas,12.0,,1.0,,,,,,,,,,,,,30.8,15.5,,18.0,16.0,,512.0,3.0,4.6,,,33.0,,117.0,1,39.0,202.0,112.0,,529.0,931.0,3731.0,947.0,,1182.0,813.0,,749.0
8.0,Workstation,,,"wifi, Ethernet, Bluetooth",Bluetooth 5.0,,,,,,,,Ethernet 10/100/1000,,,,Desktop,,minitorre,,,empresas,,,,,,,,,,,,,440.94,1279.25,860.1,29.3,9.5,,,,,,,,,,34.0,,,1,,,31.0,,,931.0,,,,,,,
5.0,Workstation,disco duro SSD,,,,,Intel,1.0,DDR4,,,ninguno,,,,,Desktop,,factor de forma pequeño (SFF),negro,,"empresas, principiante",8.0,,,,,,,,,,MSI H510M-A PRO,,352.35,404.42,378.38,41.0,23.0,,12.0,8.0,3200.0,250.0,3.3,4.3,,,48.0,,89.0,1,30.0,202.0,,2259.0,529.0,65.0,3731.0,190.0,,398.0,397.0,,749.0
10.0,Workstation,disco duro mSATA SSD,,Ethernet,,,Intel,1.0,DDR4,,,ninguno,Ethernet 10/100/1000,,,,Desktop,,factor de forma pequeño (SFF),negro,,"empresas, principiante",12.0,2.0,,,,,,canal 7.1,,,MSI H510M-A PRO,,355.71,434.61,395.16,41.0,23.0,,12.0,8.0,2400.0,480.0,2.9,4.3,64.0,,48.0,,65.0,1,133.0,108.0,,2259.0,123.0,65.0,3731.0,947.0,,165.0,813.0,,135.0
36.0,Workstation,,HDMI,,,,Intel,1.0,DDR4,,,ninguno,,,,,Desktop,,factor de forma pequeño (SFF),negro,,"empresas, principiante",,,,,,,,,,,MSI H510M-A PRO,,300.57,491.38,395.98,41.0,23.0,,,,,,,,,,48.0,,,1,,,,,,65.0,,,,,,,
2.0,Workstation,disco duro SSD,DisplayPort,Ethernet,,,Intel,1.0,DDR5,,64.0,,Ethernet 10/100/1000,,,,Desktop,,torre,negro,,empresas,32.0,,,,,,,,,,,,1887.58,2470.99,2179.28,38.5,16.9,,36.0,32.0,,1000.0,3.0,5.8,,,35.0,3.0,125.0,1,19.0,374.0,94.0,,866.0,931.0,3731.0,356.0,64.0,1182.0,194.0,,749.0
2.0,Workstation,disco duro SSD,DisplayPort,Ethernet,,,Intel,1.0,DDR5,GDDR6,64.0,ninguno,,,,,Desktop,,,negro,,empresas,,2.0,,,,,,,,,,,1190.0,1565.98,1377.99,21.8,21.1,2.4,20.0,16.0,4800.0,512.0,,4.9,64.0,,6.0,3.7,,1,1.0,22.0,94.0,,,24.0,124.0,947.0,,200.0,233.0,,
1.0,Workstation,disco duro SSD,,Ethernet,,,Intel,1.0,DDR5,GDDR6,64.0,ninguno,,,,,Desktop,,,negro,,empresas,24.0,2.0,,,,,,,,,,,1609.0,1609.0,1609.0,21.8,21.1,2.4,24.0,16.0,5600.0,512.0,,5.2,,,6.0,2.1,,1,105.0,63.0,94.0,2259.0,866.0,24.0,412.0,833.0,,1182.0,589.0,,749.0
3.0,Workstation,disco duro M.2 SSD,DisplayPort,Ethernet,,,Intel,1.0,DDR5,GDDR6,,ninguno,LAN 10/100/1000/2500,,,,Desktop,,torre,negro,,,28.0,4.0,,,,,,,,,,,1858.99,1859.95,1859.47,42.0,17.3,7.58,33.0,32.0,4400.0,1000.0,2.1,5.4,128.0,,37.0,2.1,65.0,1,69.0,22.0,96.0,86.0,207.0,65.0,679.0,833.0,,1182.0,160.0,,749.0
3.0,Workstation,,,Ethernet,,,,,,,,,Ethernet 10/100/1000,,,,Desktop,,torre,,,empresas,,,,,,,,,,,Intel W580,,1394.99,2422.8,1908.89,31.5,17.0,,,,,,,,,,37.0,,,1,,,135.0,,,931.0,,,,,,,
7.0,Workstation,disco duro SSD,DisplayPort,Ethernet,,,Intel,1.0,DDR5,,64.0,ninguno,Ethernet 10/100/1000,,,,Desktop,,,negro,,,24.0,4.0,,,,,,,,,,,1979.55,2222.99,2101.27,22.3,8.7,3.6,30.0,16.0,4800.0,512.0,2.1,5.2,128.0,,20.0,2.1,219.0,1,105.0,22.0,135.0,,866.0,9.0,679.0,833.0,,1182.0,337.0,10.0,749.0
3.0,Workstation,disco duro M.2 SSD,DisplayPort,Ethernet,,,Intel,1.0,DDR5,,,ninguno,LAN 10/100/1000/2500,,,,Desktop,,torre,negro,,,32.0,4.0,,,,,,,,,,,1742.56,2049.13,1895.85,42.0,17.3,7.58,36.0,32.0,4400.0,1000.0,,6.0,128.0,,37.0,3.2,125.0,1,25.0,374.0,96.0,86.0,866.0,24.0,3731.0,356.0,,1182.0,194.0,,
4.0,Workstation,,,Ethernet,,,,,DDR4,,,,,,,,Desktop,,factor de forma pequeño (SFF),,,,,,,,,,,,,,,,1990.99,6115.92,4053.45,21.6,21.6,,,,,,,,,,5.0,,,1,,,,,,931.0,,,,,,,
9.0,Workstation,disco duro SSD,,,,,,,DDR5,,,,,,,,Desktop,,,,,,28.0,,,,,,,,,,,,1104.04,1516.19,1310.12,,,,33.0,32.0,4800.0,1000.0,2.1,5.4,,,,2.1,65.0,1,69.0,63.0,135.0,,866.0,,,833.0,,1182.0,160.0,,749.0
4.0,Workstation,disco duro M.2 SSD,,Ethernet,Bluetooth 5.2,IEEE 802.11ax,Intel,1.0,DDR5,,64.0,ninguno,Ethernet 10/100/1000,,,,Desktop,,torre,negro,,empresas,24.0,,1.0,,,,,,,,,,1076.68,1461.43,1269.06,30.8,15.5,,30.0,16.0,,512.0,2.1,5.2,,,33.0,2.1,219.0,1,105.0,374.0,112.0,2259.0,866.0,931.0,3731.0,833.0,,1182.0,337.0,,749.0
2.0,Workstation,,,"wifi, Ethernet, Bluetooth",Bluetooth 5.0,,Intel,,DDR4,,,,Ethernet 10/100/1000,,,,Desktop,,minitorre,negro,,empresas,20.0,4.0,,,,,,,,,,,737.89,888.9,813.39,29.3,9.5,7.0,25.0,16.0,,512.0,2.1,4.9,128.0,,34.0,,180.0,1,52.0,374.0,31.0,,529.0,931.0,,833.0,,,297.0,,749.0
2.0,Workstation,disco duro SSD,DisplayPort,Ethernet,,,Intel,1.0,DDR5,GDDR6,64.0,,Ethernet 10/100/1000,,,,Desktop,,torre,negro,,empresas,32.0,,,,,,,,,,,,3525.99,5779.76,4652.88,38.5,16.9,,36.0,32.0,,1000.0,3.0,5.8,,,35.0,3.0,125.0,1,19.0,31.0,94.0,,866.0,931.0,,356.0,64.0,1182.0,194.0,,749.0
2.0,Workstation,disco duro SSD,,Ethernet,,,Intel,1.0,DDR5,GDDR6,64.0,ninguno,Ethernet 10/100/1000,,,Ray tracing,Desktop,,,negro,,"empresas, gaming, principiante, profesional",20.0,4.0,,,,,,,,,,,2050.0,2901.1,2475.55,30.8,15.5,5.7,25.0,32.0,4800.0,1000.0,2.1,4.9,128.0,,33.0,,180.0,1,52.0,90.0,,,529.0,,679.0,833.0,,200.0,297.0,,749.0
2.0,Workstation,disco duro SSD,,Ethernet,Bluetooth 5.1,IEEE 802.11ac,AMD,1.0,DDR4,,64.0,ninguno,Ethernet 10/100/1000,,,,Desktop,lector de tarjetas,torre,negro,,,,4.0,,,,,,,,,,,8264.92,8528.71,8396.81,46.0,16.5,,,64.0,3200.0,1000.0,,4.5,,,44.0,3.8,,1,2.0,63.0,135.0,2259.0,,931.0,412.0,8.0,,200.0,,,
1.0,Workstation,disco duro SSD,,Ethernet,,,,1.0,DDR5,,,,Ethernet 10/100/1000,,,,Desktop,,torre,negro,,empresas,,,,,,,,,,,,,3251.8,3251.8,3251.8,38.5,16.9,,,32.0,,1000.0,,,,,35.0,,,1,15.0,374.0,94.0,,,931.0,3731.0,356.0,64.0,1182.0,,,
1.0,Workstation,disco duro SSD,,Ethernet,Bluetooth 5.1,IEEE 802.11ac,,1.0,,,64.0,,Ethernet 10/100/1000,,,,Desktop,lector de tarjetas,torre,,,,,,,,,,,,,,,,2576.86,2576.86,2576.86,46.0,16.5,,,32.0,,1000.0,,,,,44.0,,,1,2.0,,135.0,2259.0,,931.0,,,,1182.0,,,
2.0,Workstation,disco duro SSD,,Ethernet,Bluetooth 5.1,IEEE 802.11ac,,1.0,,,64.0,,Ethernet 10/100/1000,,,,Desktop,lector de tarjetas,torre,,,,,,,,,,,,,,,,3667.63,4248.19,3957.91,46.0,16.5,,,64.0,,1000.0,,,,,44.0,,,1,2.0,,135.0,2259.0,,931.0,,,,1182.0,,,
3.0,Workstation,disco duro M.2 SSD,DisplayPort,Ethernet,,,Intel,1.0,DDR5,,64.0,ninguno,Ethernet 10/100/1000,,,,Desktop,,,negro,,empresas,24.0,2.0,,,,,,,,,,,2595.0,3538.42,3066.71,21.8,21.1,2.4,30.0,32.0,4800.0,1000.0,5.0,5.1,64.0,,6.0,,65.0,1,20.0,63.0,94.0,2259.0,529.0,24.0,412.0,356.0,,200.0,337.0,,749.0
4.0,Workstation,disco duro SSD,DisplayPort,Ethernet,,,Intel,1.0,DDR4,,64.0,ninguno,,,,,Desktop,,factor de forma pequeño (SFF),negro,,,20.0,2.0,,,,,,,,,,,1990.99,6115.92,4053.45,21.6,21.6,2.1,20.0,32.0,3200.0,512.0,2.8,5.2,,,5.0,,65.0,1,2.0,2.0,,2259.0,52.0,24.0,124.0,356.0,,200.0,233.0,,135.0
1.0,Workstation,disco duro M.2 SSD,,Ethernet,Bluetooth 4.2,IEEE 802.11ac,,1.0,DDR4,,64.0,ninguno,Ethernet 10/100/1000,,,,Desktop,,torre,negro,,empresas,,,,2.0,,2.0,,,,,,,1874.22,1874.22,1874.22,43.0,18.0,14.5,,32.0,2933.0,512.0,,,128.0,,38.0,,,1,7.0,15.0,135.0,2259.0,,1.0,,,,200.0,,9.0,
2.0,Workstation,disco duro M.2 SSD,DisplayPort,Ethernet,Bluetooth 5.0,IEEE 802.11ac,Intel,1.0,DDR4,,64.0,ninguno,Ethernet 10/100/1000,,,,Desktop,,torre,negro,,empresas,20.0,,,,,,,,,,Intel W580,,1394.99,1394.99,1394.99,31.5,17.0,,20.0,16.0,3200.0,512.0,2.8,5.2,128.0,,37.0,,65.0,1,2.0,108.0,135.0,1.0,52.0,67.0,3731.0,356.0,,200.0,233.0,,135.0
1.0,Workstation,disco duro SSD,,wifi,,,Intel,,,,,,,,,,Desktop,,desktop,,,empresas,,,,,,,,,,,,,9459.9,9459.9,9459.9,,,,,128.0,,2000.0,,,,,,,,1,,76.0,,2259.0,,,,15.0,,1182.0,,,
2.0,Workstation,disco duro M.2 SSD,Mini-DisplayPort,"Ethernet, wifi, Bluetooth",Bluetooth 5.1,,Intel,1.0,DDR5,GDDR6,,,Ethernet 10/100/1000,,,,Desktop,,torre,,,empresas,20.0,,,,,,,,,,,,1510.35,2683.51,2096.93,31.6,17.0,,25.0,16.0,,512.0,2.1,4.9,,,37.0,,180.0,1,52.0,63.0,135.0,111.0,529.0,931.0,412.0,833.0,,200.0,297.0,,749.0
1.0,Workstation,disco duro SSD,,wifi,,,AMD,,,,,,,,,,Desktop,,,negro,,,,,,,,,,,,,,,17749.9,17749.9,17749.9,,,,,64.0,,2000.0,,,,,,,,1,1.0,,,2259.0,,1.0,,8.0,,1182.0,,,
1.0,Workstation,disco duro SSD,,Ethernet,,,,1.0,,,64.0,,Ethernet 10/100/1000,,,,Desktop,,torre,negro,,,,,,,,,,,,,,,8066.99,8066.99,8066.99,44.4,16.8,,,64.0,,1000.0,,,,,38.0,,,1,3.0,31.0,21.0,,,931.0,193.0,,17.0,1182.0,,18.0,
1.0,Workstation,disco duro SSD,,wifi,,,Intel,,,,,,,,,,Desktop,,desktop,,,empresas,,,,,,,,,,,,,11559.9,11559.9,11559.9,,,,,128.0,,2000.0,,,,,,,,1,,1.0,,2259.0,,,,15.0,,1182.0,,,
2.0,Workstation,disco duro M.2 SSD,,Ethernet,,,AMD,1.0,DDR4,,,ninguno,,,,,Desktop,,torre,negro,,empresas,24.0,4.0,,,,,,,,,,,1860.79,2593.68,2227.23,43.0,17.3,,64.0,32.0,3200.0,1000.0,,4.5,128.0,,41.0,4.1,280.0,1,4.0,,,86.0,,7.0,,8.0,,1182.0,297.0,,
1.0,Workstation,disco duro SSD,,wifi,,,AMD,,,,,,,,,,Desktop,,desktop,,,empresas,,,,,,,,,,,,,20579.9,20579.9,20579.9,,,,,64.0,,2000.0,,,,,,,,1,1.0,2.0,,2259.0,,,,8.0,,1182.0,,,
2.0,Workstation,disco duro M.2 SSD,,Ethernet,,,AMD,1.0,DDR4,GDDR6,,ninguno,Ethernet 10/100/1000,,,Ray tracing,Desktop,,,,,"profesional, empresas",16.0,4.0,,,,,,,,,,,2179.99,2286.12,2233.05,31.5,17.0,,32.0,32.0,3200.0,1000.0,,4.6,128.0,,37.0,3.4,65.0,1,3.0,23.0,135.0,,,931.0,15.0,295.0,,1182.0,589.0,,
2.0,Workstation,disco duro SSD,HDMI,Ethernet,,,AMD,1.0,DDR4,GDDR6X,64.0,ninguno,Ethernet 10/100/1000,,,Ray tracing,Desktop,,,negro,,"profesional, empresas",24.0,4.0,,,,,,,,,,,3127.21,3127.99,3127.6,31.5,17.0,9.8,64.0,32.0,3200.0,1000.0,3.0,4.7,128.0,,37.0,3.0,,1,1.0,23.0,135.0,,,23.0,9.0,108.0,,1182.0,297.0,,
1.0,Workstation,disco duro SSD,,wifi,,,Intel,,,,,,,,,,Desktop,,desktop,,,empresas,,,,,,,,,,,,,8139.9,8139.9,8139.9,,,,,128.0,,2000.0,,,,,,,,1,,487.0,,2259.0,,,,15.0,,1182.0,,,
3.0,Workstation,disco duro SSD,,Ethernet,,,,1.0,DDR5,,64.0,,Ethernet 10/100/1000,,,,Desktop,,torre,negro,,,,,,,,,,,,,,,4188.72,6448.39,5318.56,44.4,16.8,,,64.0,,1000.0,,,,,38.0,,,1,6.0,31.0,21.0,,,931.0,193.0,,17.0,1182.0,,18.0,
1.0,Workstation,disco duro SSD,,"Ethernet, wifi",,IEEE 802.11ax,,1.0,,,,ninguno,Ethernet 10/100/1000,,,,Desktop,,semitorre,,,empresas,,,,,,,,,,,,,827.99,827.99,827.99,42.1,18.5,,,32.0,,1000.0,,,,,46.0,,,1,22.0,202.0,,2259.0,,931.0,3731.0,,,398.0,,,
1.0,Workstation,disco duro SSD,,wifi,,,Intel,,,,,,,,,,Desktop,,desktop,,,empresas,,,,,,,,,,,,,17609.9,17609.9,17609.9,,,,,256.0,,2000.0,,,,,,,,1,,2.0,,2259.0,,,,15.0,,,,,
1.0,Workstation,disco duro SSD,,wifi,,,AMD,,,,,,,,,,Desktop,,,negro,,,,,,,,,,,,,,,7319.9,7319.9,7319.9,,,,,128.0,,2000.0,,,,,,,,1,,487.0,,2259.0,,1.0,679.0,8.0,,389.0,,,
1.0,Workstation,disco duro SSD,,Ethernet,Bluetooth 5.2,IEEE 802.11ax,Intel,1.0,DDR5,,64.0,ninguno,Ethernet 10/100/1000,,,,Desktop,,torre,negro,,empresas,6.0,4.0,1.0,,,,,,,,,,1484.22,1484.22,1484.22,30.8,15.5,6.13,18.0,8.0,4800.0,512.0,,4.6,128.0,,33.0,3.0,65.0,1,39.0,374.0,112.0,2259.0,529.0,43.0,3731.0,947.0,92.0,200.0,813.0,,
2.0,Workstation,disco duro SSD,DisplayPort,Ethernet,,,Intel,1.0,DDR5,GDDR6,64.0,grabadora DVD,Ethernet 10/100/1000,,,,Desktop,,factor de forma pequeño (SFF),negro,,empresas,24.0,,,,,,,,,,,,1067.85,2289.08,1678.46,29.3,9.3,,,16.0,,512.0,,5.2,,,29.0,2.1,,1,105.0,27.0,96.0,,,13.0,124.0,833.0,,1182.0,337.0,,
2.0,Workstation,disco duro SSD,DisplayPort,Ethernet,,,Intel,1.0,DDR5,,64.0,ninguno,Ethernet 10/100/1000,,,,Desktop,,torre,negro,,empresas,24.0,4.0,,,,,,,,,,,1283.02,1698.0,1490.51,38.5,16.9,7.2,30.0,32.0,4800.0,1000.0,,5.4,128.0,,35.0,3.4,125.0,1,27.0,374.0,94.0,2259.0,866.0,33.0,3731.0,833.0,64.0,1182.0,337.0,,749.0
1.0,Workstation,disco duro M.2 SSD,Mini-DisplayPort,Ethernet,,,Intel,1.0,DDR5,GDDR6,,ninguno,,,,,Desktop,,,negro,,empresas,20.0,,,,,,,,,,,,1342.71,1342.71,1342.71,21.8,21.1,,24.0,16.0,4800.0,512.0,,5.0,,,6.0,2.6,,1,36.0,10.0,94.0,2259.0,,24.0,124.0,947.0,,1182.0,163.0,,
2.0,Workstation,disco duro M.2 SSD,,Ethernet,,,Intel,1.0,DDR5,GDDR6,,ninguno,Ethernet 10/100/1000,,,,Desktop,,factor de forma pequeño (SFF),negro,,empresas,28.0,4.0,,,,,,,,,,,1576.2,1726.84,1651.52,29.3,9.3,,33.0,16.0,5600.0,512.0,2.1,5.4,128.0,,29.0,2.1,65.0,1,69.0,22.0,96.0,2259.0,207.0,13.0,679.0,833.0,,1182.0,160.0,,749.0
2.0,Workstation,disco duro M.2 SSD,DisplayPort,Ethernet,,,Intel,1.0,DDR5,,,,,,,,Desktop,,,negro,,,32.0,,,,,,,,,,,,2481.9,2501.69,2491.8,22.3,8.7,,36.0,64.0,,1000.0,3.2,6.0,,,20.0,3.2,125.0,1,25.0,374.0,135.0,2259.0,207.0,931.0,3731.0,356.0,,1182.0,194.0,,
1.0,Workstation,disco duro SSD,DisplayPort,Ethernet,,,Intel,1.0,DDR5,GDDR6,64.0,ninguno,Ethernet 10/100/1000,,,,Desktop,,torre,negro,,,,8.0,,,1 TB,,,,,,,,4559.0,4559.0,4559.0,44.4,16.8,,,32.0,4800.0,1000.0,,4.3,512.0,,38.0,3.1,,1,1.0,31.0,21.0,,,931.0,193.0,15.0,17.0,1182.0,589.0,18.0,
1.0,Workstation,disco duro SSD,DisplayPort,Ethernet,,,Intel,1.0,DDR5,,64.0,ninguno,,,,,Desktop,,,negro,,empresas,24.0,2.0,,,1 TB,,,,,,,,1559.25,1559.25,1559.25,21.8,21.1,2.4,30.0,32.0,5600.0,1000.0,2.1,5.2,64.0,,6.0,2.1,219.0,1,105.0,374.0,94.0,,866.0,24.0,3731.0,833.0,,1182.0,337.0,,749.0
2.0,Workstation,disco duro SSD,DisplayPort,Ethernet,,,Intel,1.0,DDR5,GDDR6,64.0,ninguno,Ethernet 10/100/1000,,,,Desktop,,torre,negro,,,,8.0,,,1 TB,,,,,,,,3090.0,3772.2,3431.1,44.4,16.8,,15.0,32.0,4800.0,1000.0,,4.2,512.0,,38.0,2.1,,1,6.0,27.0,21.0,,,931.0,124.0,15.0,17.0,1182.0,813.0,18.0,
1.0,Workstation,disco duro M.2 SSD,,Ethernet,,,Intel,1.0,DDR5,,,ninguno,Ethernet 10/100/1000,,,,Desktop,,torre,negro,,,,,,,,,,,,,,,4621.5,4621.5,4621.5,44.4,16.8,,,32.0,4800.0,512.0,,4.4,,,38.0,3.0,,1,6.0,,21.0,,,931.0,,,17.0,1182.0,,18.0,
1.0,Workstation,disco duro M.2 SSD,DisplayPort,Ethernet,,,Intel,1.0,DDR5,,,ninguno,Ethernet 10/100/1000,,,,Desktop,,torre,negro,,empresas,32.0,,,,,,,,,,,,2656.99,2656.99,2656.99,38.5,16.9,,36.0,32.0,4800.0,1000.0,,6.0,128.0,,35.0,3.2,125.0,1,25.0,374.0,94.0,86.0,866.0,33.0,3731.0,356.0,64.0,1182.0,194.0,,
1.0,Workstation,disco duro M.2 SSD,DisplayPort,Ethernet,,,Intel,1.0,DDR5,GDDR6,64.0,ninguno,Ethernet 10/100/1000,,,,Desktop,,torre,negro,,empresas,32.0,4.0,,,,,,,,,,,3296.08,3296.08,3296.08,38.5,16.9,7.2,36.0,32.0,4800.0,1000.0,,5.8,128.0,,35.0,2.2,125.0,1,19.0,31.0,94.0,,866.0,33.0,193.0,356.0,64.0,1182.0,194.0,,749.0
2.0,Workstation,disco duro M.2 SSD,Mini-DisplayPort,Ethernet,,,Intel,1.0,DDR5,GDDR6,,,,,,,Desktop,,,negro,,empresas,24.0,,,,,,,,,,,,2495.0,2525.0,2510.0,21.8,21.1,,30.0,32.0,5600.0,1000.0,,5.4,,,6.0,3.4,125.0,1,27.0,63.0,94.0,2259.0,866.0,931.0,412.0,833.0,,1182.0,337.0,,749.0
2.0,Workstation,disco duro M.2 SSD,Mini-DisplayPort,Ethernet,,,Intel,1.0,DDR5,GDDR6,,,,,,,Desktop,,,negro,,,32.0,,,,,,,,,,,,4148.8,4201.72,4175.26,22.3,8.7,,36.0,64.0,,1000.0,2.0,5.8,,,20.0,2.0,65.0,1,11.0,,135.0,2259.0,207.0,931.0,9.0,356.0,,1182.0,194.0,,
1.0,Workstation,disco duro SSD,DisplayPort,Ethernet,,,Intel,1.0,DDR5,GDDR6,64.0,ninguno,,,,,Desktop,,,negro,,empresas,32.0,2.0,,,1 TB,,,,,,,,2873.85,2873.85,2873.85,21.8,21.1,2.4,36.0,32.0,5600.0,,,5.8,,,6.0,2.0,,1,11.0,63.0,94.0,,866.0,24.0,193.0,356.0,,1182.0,194.0,,749.0
2.0,Workstation,disco duro M.2 SSD,DisplayPort,Ethernet,,,Intel,1.0,DDR5,,,ninguno,Ethernet 10/100/1000,,,,Desktop,,torre,negro,,empresas,32.0,,,,,,,,,,,,2639.21,2666.31,2652.76,38.5,16.9,,36.0,64.0,4800.0,2000.0,,6.0,,,35.0,3.2,125.0,1,25.0,374.0,94.0,86.0,866.0,33.0,3731.0,356.0,64.0,1182.0,194.0,,
1.0,Workstation,disco duro M.2 SSD,,Ethernet,,,Intel,1.0,DDR5,GDDR6,,ninguno,Ethernet 10/100/1000,,,Ray tracing,Desktop,,,negro,,"empresas, gaming, principiante, profesional",32.0,,,,,,,,,,,,11013.82,11013.82,11013.82,30.8,15.5,,36.0,64.0,4800.0,2000.0,,6.0,,,33.0,3.2,125.0,1,25.0,31.0,,86.0,866.0,6.0,19.0,356.0,,1182.0,194.0,,
1.0,Workstation,disco duro M.2 SSD,,Ethernet,,,Intel,1.0,DDR5,GDDR6,64.0,ninguno,Ethernet 10/100/1000,,,Ray tracing,Desktop,,,negro,,"empresas, gaming, principiante, profesional",24.0,4.0,,,,,,,,,,,1651.51,1651.51,1651.51,30.8,15.5,5.7,24.0,16.0,4800.0,512.0,,5.1,128.0,,33.0,2.1,65.0,1,105.0,183.0,,2259.0,866.0,,412.0,833.0,,1182.0,337.0,,749.0
1.0,Workstation,disco duro SSD,DisplayPort,Ethernet,,,Intel,,DDR5,GDDR6,64.0,ninguno,Ethernet 10/100/1000,,,,Desktop,,torre,negro,,empresas,24.0,4.0,,,,,,,,,,,2095.0,2095.0,2095.0,38.5,16.9,7.2,30.0,16.0,4800.0,512.0,2.1,5.2,128.0,,35.0,2.1,219.0,1,105.0,63.0,94.0,,866.0,10.0,412.0,833.0,64.0,1182.0,337.0,,749.0
1.0,Workstation,disco duro M.2 SSD,DisplayPort,Ethernet,,,Intel,1.0,DDR5,GDDR6,,ninguno,Ethernet 10/100/1000,,,,Desktop,,torre,negro,,empresas,28.0,,,,,,,,,,,,2762.68,2762.68,2762.68,38.5,16.9,,33.0,32.0,4800.0,1000.0,,5.6,,,35.0,3.4,125.0,1,27.0,12.0,94.0,86.0,866.0,33.0,679.0,833.0,64.0,1182.0,160.0,,
2.0,Workstation,disco duro SSD,,Ethernet,,,,1.0,DDR5,GDDR6,64.0,ninguno,Ethernet 10/100/1000,,,,Desktop,,torre,negro,,,,8.0,,,,,,,,,,,2960.72,2960.72,2960.72,44.4,16.8,10.5,,32.0,4800.0,1000.0,,,512.0,,38.0,,,1,6.0,63.0,21.0,63.0,,931.0,412.0,15.0,17.0,1182.0,,18.0,
1.0,Workstation,disco duro SSD,DisplayPort,Ethernet,,,,1.0,DDR5,GDDR6,64.0,ninguno,,,,,Desktop,,,negro,,empresas,,2.0,,,,,,,,,,,1948.56,1948.56,1948.56,21.8,21.1,2.4,24.0,16.0,5600.0,512.0,,5.2,64.0,,6.0,2.1,,1,105.0,,94.0,,,24.0,2.0,833.0,,1182.0,337.0,,
1.0,Workstation,disco duro M.2 SSD,DisplayPort,Ethernet,,,Intel,1.0,DDR5,GDDR6,64.0,ninguno,,,,,Desktop,,,negro,,empresas,24.0,2.0,,,,,,,,,,,2322.96,2322.96,2322.96,21.8,21.1,2.4,30.0,16.0,4800.0,512.0,,5.1,64.0,,6.0,2.1,65.0,1,105.0,27.0,94.0,,866.0,24.0,679.0,833.0,,1182.0,337.0,,749.0
1.0,Workstation,disco duro SSD,DisplayPort,Ethernet,,,Intel,,DDR5,,64.0,ninguno,Ethernet 10/100/1000,,,,Desktop,,torre,negro,,empresas,24.0,4.0,,,,,,,,,,,1795.0,1795.0,1795.0,38.5,16.9,7.2,30.0,16.0,4800.0,512.0,2.1,5.2,128.0,,35.0,2.1,219.0,1,105.0,374.0,94.0,,866.0,33.0,3731.0,833.0,64.0,1182.0,337.0,,749.0
1.0,Workstation,disco duro SSD,DisplayPort,Ethernet,,,Intel,1.0,DDR5,GDDR6,64.0,,LAN 10/100/1000/2500,,,,Desktop,,torre,negro,,,28.0,,,,,,,,,,,,2379.77,2379.77,2379.77,42.0,17.3,,33.0,32.0,,1000.0,2.1,5.4,128.0,,37.0,2.1,65.0,1,69.0,24.0,96.0,,207.0,65.0,193.0,833.0,,1182.0,160.0,,749.0
1.0,Workstation,disco duro M.2 SSD,,Ethernet,,,Intel,,DDR5,,64.0,grabadora DVD,Ethernet 10/100/1000,,,,Desktop,,factor de forma pequeño (SFF),negro,,empresas,24.0,,,,,,,,,,,,2038.99,2038.99,2038.99,29.3,9.3,5.38,30.0,16.0,4800.0,512.0,,5.2,,,29.0,2.1,,1,105.0,374.0,96.0,,866.0,13.0,3731.0,833.0,,1182.0,337.0,,749.0
1.0,Workstation,disco duro M.2 SSD,DisplayPort,Ethernet,,,Intel,1.0,DDR5,GDDR6,,ninguno,LAN 10/100/1000/2500,,,,Desktop,,torre,negro,,,28.0,4.0,,,,,,,,,,,2151.82,2151.82,2151.82,42.0,17.3,7.58,33.0,16.0,4400.0,512.0,2.1,5.4,128.0,,37.0,2.1,65.0,1,69.0,22.0,96.0,86.0,207.0,65.0,679.0,833.0,,1182.0,160.0,,749.0
1.0,Workstation,disco duro M.2 SSD,DisplayPort,Ethernet,,,Intel,1.0,DDR5,,,,Ethernet 10/100/1000,,,,Desktop,,factor de forma pequeño (SFF),negro,,empresas,28.0,4.0,,,,,,,,,,,1298.68,1298.68,1298.68,29.3,9.3,,33.0,16.0,5600.0,512.0,2.1,5.4,128.0,,29.0,2.1,65.0,1,69.0,374.0,96.0,2259.0,207.0,13.0,3731.0,833.0,,1182.0,160.0,,749.0
1.0,Workstation,disco duro SSD,DisplayPort,Ethernet,,,Intel,1.0,DDR5,GDDR6,,ninguno,Ethernet 10/100/1000,,,,Desktop,,torre,negro,,empresas,24.0,,,,,,,,,,,,2934.59,2934.59,2934.59,38.5,16.9,,30.0,32.0,4800.0,1000.0,,5.4,,,35.0,3.4,125.0,1,27.0,27.0,94.0,86.0,866.0,33.0,679.0,833.0,64.0,1182.0,2.0,,749.0
1.0,Workstation,disco duro M.2 SSD,DisplayPort,Ethernet,,,Intel,1.0,DDR5,,,ninguno,LAN 10/100/1000/2500,,,,Desktop,,torre,negro,,,28.0,4.0,,,,,,,,,,,1770.18,1770.18,1770.18,42.0,17.3,7.58,33.0,32.0,4400.0,1000.0,,5.6,128.0,,37.0,3.4,125.0,1,27.0,374.0,96.0,86.0,866.0,24.0,3731.0,833.0,,1182.0,160.0,,
1.0,Workstation,disco duro M.2 SSD,DisplayPort,Ethernet,,,Intel,1.0,DDR5,GDDR6,64.0,ninguno,Ethernet 10/100/1000,,,,Desktop,,torre,negro,,empresas,24.0,4.0,,,,,,,,,,,1449.33,1449.33,1449.33,38.5,16.9,7.2,30.0,16.0,4800.0,512.0,,5.1,128.0,,35.0,2.1,65.0,1,105.0,63.0,94.0,,866.0,33.0,412.0,833.0,64.0,1182.0,337.0,,749.0
1.0,Workstation,disco duro M.2 SSD,,Ethernet,,,Intel,1.0,DDR5,,,ninguno,Ethernet 10/100/1000,,,,Desktop,,torre,negro,,,,,,,,,,,,,,,5793.98,5793.98,5793.98,44.4,16.8,,,32.0,4800.0,512.0,,4.3,,,38.0,3.1,,1,,,21.0,,,931.0,,,17.0,1182.0,589.0,18.0,
1.0,Workstation,disco duro SSD,,Ethernet,,,Intel,,DDR5,,64.0,ninguno,Ethernet 10/100/1000,,,,Desktop,,torre,negro,,,,8.0,,,,,,,,,,,3332.18,3332.18,3332.18,44.4,16.8,10.5,15.0,32.0,4800.0,1000.0,,4.2,512.0,,38.0,2.1,,1,6.0,,21.0,,,931.0,,15.0,17.0,1182.0,813.0,18.0,3.0
2.0,Workstation,disco duro M.2 SSD,DisplayPort,Ethernet,,,Intel,1.0,DDR5,,,ninguno,Ethernet 10/100/1000,,,,Desktop,,torre,negro,,empresas,32.0,,,,,,,,,,,,2371.47,2428.85,2400.16,38.5,16.9,,36.0,32.0,4800.0,1000.0,2.0,5.8,,,35.0,2.0,65.0,1,11.0,374.0,94.0,86.0,207.0,33.0,3731.0,356.0,64.0,1182.0,194.0,,749.0
1.0,Workstation,disco duro M.2 SSD,DisplayPort,Ethernet,,,Intel,1.0,DDR5,GDDR6,,ninguno,Ethernet 10/100/1000,,,,Desktop,,torre,negro,,empresas,32.0,,,,,,,,,,,,4914.56,4914.56,4914.56,38.5,16.9,,36.0,64.0,4800.0,2000.0,,6.0,,,35.0,3.2,125.0,1,25.0,31.0,94.0,86.0,866.0,33.0,193.0,356.0,64.0,1182.0,194.0,,
1.0,Workstation,disco duro SSD,,Ethernet,Bluetooth 5.2,IEEE 802.11ax,Intel,1.0,DDR5,,64.0,ninguno,Ethernet 10/100/1000,,,,Desktop,,torre,negro,,empresas,,4.0,1.0,,,,,,,,,,976.46,976.46,976.46,30.8,15.5,8.9,,8.0,4800.0,256.0,,4.8,128.0,,33.0,2.5,,1,84.0,374.0,112.0,,,931.0,3731.0,947.0,92.0,1182.0,163.0,,
1.0,Workstation,disco duro SSD,,Ethernet,,,Intel,1.0,DDR5,GDDR6,64.0,grabadora DVD,Ethernet 10/100/1000,,,,Desktop,,torre,negro,,,24.0,,,,,,,,,,,,12317.43,12317.43,12317.43,44.4,16.8,,30.0,64.0,,1000.0,,4.7,,,38.0,3.5,,1,1.0,1.0,21.0,2259.0,,1.0,30.0,15.0,17.0,1182.0,297.0,18.0,
2.0,Workstation,disco duro SSD,,Ethernet,Bluetooth 5.2,IEEE 802.11ax,Intel,1.0,DDR5,,64.0,grabadora DVD,Ethernet 10/100/1000,,,,Desktop,,torre,negro,,empresas,24.0,4.0,1.0,,,,,,,,,,1160.64,1183.0,1171.82,30.8,15.5,6.2,30.0,16.0,4800.0,512.0,2.1,5.2,128.0,,33.0,2.1,219.0,1,105.0,374.0,112.0,,866.0,931.0,3731.0,833.0,92.0,1182.0,337.0,,749.0
1.0,Workstation,disco duro SSD,,Ethernet,,,,1.0,DDR5,,64.0,ninguno,Ethernet 10/100/1000,,,,Desktop,,torre,negro,,,,,,,,,,,,,,,5529.45,5529.45,5529.45,44.4,16.8,,,32.0,,512.0,,,,,38.0,,,1,6.0,31.0,21.0,2259.0,,931.0,193.0,,,1182.0,,18.0,
1.0,Workstation,disco duro M.2 SSD,,Ethernet,Bluetooth 5.2,IEEE 802.11ax,Intel,1.0,DDR5,,64.0,ninguno,Ethernet 10/100/1000,,,,Desktop,,torre,negro,,empresas,20.0,,1.0,,,,,,,,,,1263.38,1263.38,1263.38,30.8,15.5,,24.0,16.0,,512.0,,4.8,,,33.0,2.5,65.0,1,84.0,374.0,112.0,2259.0,,931.0,3731.0,,,1182.0,297.0,,
1.0,Workstation,disco duro M.2 SSD,DisplayPort,Ethernet,,,Intel,1.0,DDR5,GDDR6,,ninguno,Ethernet 10/100/1000,,,,Desktop,,torre,negro,,empresas,28.0,,,,,,,,,,,,3359.53,3359.53,3359.53,38.5,16.9,,33.0,32.0,4800.0,1000.0,,5.6,,,35.0,3.4,125.0,1,27.0,31.0,94.0,86.0,866.0,33.0,193.0,833.0,64.0,1182.0,160.0,,
1.0,Workstation,disco duro SSD,DisplayPort,Ethernet,,,Intel,1.0,DDR5,,64.0,ninguno,Ethernet 10/100/1000,,,,Desktop,,torre,negro,,empresas,,4.0,,,,,,,,,,,1144.03,1144.03,1144.03,38.5,16.9,,24.0,16.0,4800.0,512.0,,4.8,128.0,,35.0,2.5,,1,84.0,374.0,94.0,,,33.0,3731.0,947.0,64.0,1182.0,163.0,,
1.0,Workstation,disco duro M.2 SSD,,Ethernet,,,Intel,1.0,DDR5,GDDR6,,ninguno,,,,,Desktop,,,negro,,empresas,28.0,2.0,,,,,,,,,,,1800.47,1800.47,1800.47,21.8,21.1,,33.0,16.0,4800.0,512.0,,5.6,64.0,,6.0,3.4,125.0,1,27.0,8.0,94.0,2259.0,866.0,24.0,124.0,833.0,,1182.0,160.0,,
1.0,Workstation,disco duro M.2 SSD,DisplayPort,Ethernet,,,Intel,1.0,DDR5,GDDR6,,ninguno,,,,,Desktop,,,negro,,empresas,28.0,2.0,,,,,,,,,,,2647.11,2647.11,2647.11,21.8,21.1,,33.0,32.0,4800.0,1000.0,,5.6,64.0,,6.0,3.4,125.0,1,27.0,63.0,94.0,2259.0,866.0,24.0,412.0,833.0,,1182.0,160.0,,
2.0,Workstation,disco duro M.2 SSD,DisplayPort,Ethernet,,,Intel,1.0,DDR5,GDDR6,,ninguno,Ethernet 10/100/1000,,,,Desktop,,torre,negro,,empresas,28.0,,,,,,,,,,,,2489.79,2509.79,2499.79,38.5,16.9,,33.0,32.0,4800.0,1000.0,,5.6,,,35.0,3.4,125.0,1,27.0,22.0,94.0,86.0,866.0,33.0,679.0,833.0,64.0,1182.0,160.0,,
1.0,Workstation,disco duro M.2 SSD,DisplayPort,Ethernet,,,Intel,1.0,DDR5,GDDR6,,ninguno,Ethernet 10/100/1000,,,,Desktop,,torre,negro,,empresas,32.0,,,,,,,,,,,,3950.84,3950.84,3950.84,38.5,16.9,,36.0,32.0,4800.0,1000.0,,6.0,,,35.0,3.2,125.0,1,25.0,63.0,94.0,86.0,866.0,33.0,412.0,356.0,64.0,1182.0,194.0,,
1.0,Workstation,disco duro M.2 SSD,DisplayPort,Ethernet,,,Intel,1.0,DDR5,,,ninguno,Ethernet 10/100/1000,,,,Desktop,,torre,negro,,empresas,28.0,,,,,,,,,,,,1750.17,1750.17,1750.17,38.5,16.9,,33.0,32.0,4800.0,1000.0,2.1,5.4,,,35.0,2.1,65.0,1,69.0,374.0,94.0,86.0,207.0,33.0,3731.0,833.0,64.0,1182.0,160.0,,749.0
1.0,Workstation,disco duro M.2 SSD,DisplayPort,Ethernet,,,Intel,1.0,DDR5,GDDR6,,ninguno,Ethernet 10/100/1000,,,,Desktop,,torre,negro,,empresas,28.0,,,,,,,,,,,,2745.83,2745.83,2745.83,38.5,16.9,,33.0,32.0,4800.0,1000.0,,5.6,,,35.0,3.4,125.0,1,27.0,63.0,94.0,86.0,866.0,33.0,412.0,833.0,64.0,1182.0,160.0,,
1.0,Workstation,disco duro M.2 SSD,DisplayPort,Ethernet,,,Intel,1.0,DDR5,GDDR6,,ninguno,Ethernet 10/100/1000,,,,Desktop,,torre,negro,,empresas,28.0,,,,,,,,,,,,2977.86,2977.86,2977.86,38.5,16.9,,33.0,32.0,4800.0,1000.0,2.1,5.4,,,35.0,2.1,65.0,1,69.0,22.0,94.0,86.0,207.0,33.0,679.0,833.0,64.0,1182.0,160.0,,749.0
1.0,Workstation,disco duro M.2 SSD,DisplayPort,Ethernet,,,Intel,1.0,DDR5,GDDR6,,ninguno,,,,,Desktop,,,negro,,empresas,28.0,2.0,,,,,,,,,,,2289.49,2289.49,2289.49,21.8,21.1,,33.0,32.0,4800.0,1000.0,,5.6,64.0,,6.0,3.4,125.0,1,27.0,22.0,94.0,2259.0,866.0,24.0,679.0,833.0,,1182.0,160.0,,
1.0,Workstation,disco duro M.2 SSD,DisplayPort,Ethernet,,,Intel,1.0,DDR5,,,ninguno,Ethernet 10/100/1000,,,,Desktop,,torre,negro,,empresas,20.0,,,,,,,,,,,,1426.13,1426.13,1426.13,38.5,16.9,,,16.0,4800.0,512.0,,5.0,,,35.0,2.6,,1,36.0,374.0,94.0,86.0,866.0,33.0,3731.0,947.0,64.0,1182.0,163.0,,
1.0,Workstation,,,wifi,,,Intel,1.0,,,,,,,,,Desktop,,,,,empresas,24.0,,,,,,,,,,,,2249.9,2249.9,2249.9,,,,36.0,32.0,,2000.0,3.7,5.7,,,,3.7,125.0,1,3.0,487.0,,2259.0,4.0,148.0,,64.0,,,194.0,,4.0
1.0,Workstation,disco duro M.2 SSD,,Ethernet,Bluetooth 5.2,IEEE 802.11ax,Intel,1.0,DDR5,,,grabadora DVD,Ethernet 10/100/1000,,,,Desktop,,torre,negro,,empresas,20.0,4.0,1.0,,,,,,,,,,2300.96,2300.96,2300.96,30.8,15.5,5.31,25.0,16.0,4800.0,512.0,2.1,4.9,128.0,,33.0,,180.0,1,52.0,374.0,112.0,2259.0,529.0,43.0,3731.0,833.0,92.0,1182.0,297.0,,749.0
2.0,Workstation,disco duro SSD,DisplayPort,wifi,,,Intel,1.0,,,,,,,,,Desktop,,,,,,12.0,,,,,,,,,,,,819.0,899.0,859.0,,,,12.0,64.0,,1000.0,2.6,4.4,,,,2.6,65.0,1,12.0,,,111.0,220.0,,679.0,947.0,,,813.0,,
1.0,Workstation,disco duro M.2 SSD,DisplayPort,Ethernet,,,Intel,1.0,DDR5,,,,Ethernet 10/100/1000,,,,Desktop,,torre,negro,,empresas,24.0,4.0,,,,,,,,,,,4429.81,4429.81,4429.81,38.5,16.9,,30.0,32.0,4800.0,1000.0,,5.2,128.0,,35.0,3.2,125.0,1,9.0,31.0,94.0,1.0,529.0,33.0,193.0,356.0,,1182.0,337.0,,749.0
1.0,Workstation,disco duro M.2 SSD,,Ethernet,Bluetooth 5.1,IEEE 802.11ac,,1.0,DDR4,,64.0,ninguno,Ethernet 10/100/1000,,,,Desktop,lector de tarjetas,torre,negro,,,,8.0,,,,,,,,,,,9129.2,9129.2,9129.2,46.0,16.5,24.0,,64.0,3200.0,1000.0,,,1.024,,44.0,,,1,1.0,15.0,135.0,86.0,,7.0,,,1.0,200.0,,,
1.0,Workstation,disco duro SSD,DisplayPort,Ethernet,,,Intel,1.0,DDR5,GDDR6,,ninguno,,,,,Desktop,,,negro,,empresas,24.0,2.0,,,,,,,,,,,1675.0,1675.0,1675.0,21.8,21.1,,30.0,16.0,6400.0,512.0,2.1,5.2,64.0,,6.0,2.1,219.0,1,105.0,22.0,94.0,,866.0,24.0,679.0,833.0,,1182.0,337.0,,749.0
2.0,Workstation,disco duro SSD,DisplayPort,wifi,,,Intel,1.0,,,,,,,,,Desktop,,,,,,12.0,,,,,,,,,,,,739.0,809.0,774.0,,,,12.0,32.0,,1000.0,2.6,4.4,,,,2.6,65.0,1,12.0,,,111.0,220.0,,679.0,947.0,,,813.0,,
1.0,Workstation,disco duro SSD,,Ethernet,,,Intel,1.0,,,64.0,,Ethernet 10/100/1000,,,,Desktop,,torre,,,,8.0,,,2.0,,2.0,,,,,,,2769.73,2769.73,2769.73,46.0,16.5,,8.0,32.0,,512.0,4.1,4.6,,,44.0,,105.0,1,7.0,63.0,135.0,2259.0,10.0,931.0,54.0,,,200.0,397.0,9.0,9.0
1.0,Workstation,disco duro M.2 SSD,DisplayPort,Ethernet,,,Intel,,DDR5,GDDR6,64.0,ninguno,,,,,Desktop,,,negro,,empresas,24.0,2.0,,,,,,,,,,,1734.75,1734.75,1734.75,21.8,21.1,2.4,30.0,16.0,5600.0,512.0,2.1,5.2,64.0,,6.0,2.1,219.0,1,105.0,27.0,94.0,3.0,866.0,24.0,679.0,833.0,,1182.0,337.0,,749.0
1.0,Workstation,disco duro SSD,,Ethernet,Bluetooth 5.1,IEEE 802.11ac,AMD,1.0,,,64.0,,Ethernet 10/100/1000,,,,Desktop,lector de tarjetas,torre,,,,24.0,,,,,,,,,,,,2282.19,2282.19,2282.19,46.0,16.5,,64.0,32.0,,512.0,4.1,4.5,,,44.0,,280.0,1,4.0,,135.0,2259.0,,931.0,,,,1182.0,297.0,,
3.0,Workstation,,,Ethernet,,,Intel,,,,,grabadora DVD,Ethernet 10/100/1000,,,,Desktop,,factor de forma ultrapequeño (USFF),,,,,,,,,,,,,,,,206.96,508.39,357.68,33.5,31.5,6.5,,,,,,,,,7.0,,,1,1.0,,1.0,,,,,,,,3.0,,
1.0,Workstation,disco duro M.2 SSD,,Ethernet,Bluetooth 5.2,IEEE 802.11ax,Intel,1.0,DDR5,,,grabadora DVD,Ethernet 10/100/1000,,,,Desktop,,torre,negro,,empresas,12.0,,1.0,,,,,,,,,,1593.65,1593.65,1593.65,30.8,15.5,6.15,18.0,16.0,,512.0,3.0,4.6,,,33.0,,117.0,1,39.0,374.0,112.0,2259.0,529.0,43.0,3731.0,947.0,,1182.0,813.0,,749.0
1.0,Workstation,disco duro M.2 SSD,DisplayPort,"Ethernet, wifi, Bluetooth",Bluetooth 5.2,IEEE 802.11ax,Intel,1.0,DDR5,,,grabadora DVD,Ethernet 10/100/1000,,,,Desktop,,,negro,,empresas,20.0,4.0,,,,,,,,,,,3443.17,3443.17,3443.17,21.8,21.1,3.1,25.0,16.0,4800.0,512.0,2.1,4.9,,,6.0,,180.0,1,52.0,374.0,94.0,86.0,529.0,9.0,3731.0,833.0,,1182.0,297.0,,749.0
1.0,Workstation,disco duro SSD,,"Ethernet, wifi, Bluetooth",Bluetooth 5.0,,Intel,1.0,DDR4,,64.0,ninguno,Ethernet 10/100/1000,,,,Desktop,,minitorre,negro,,empresas,,,,,,,,,,,,,1279.25,1279.25,1279.25,29.3,9.5,,,16.0,3200.0,512.0,,4.4,,,34.0,2.5,,1,24.0,8.0,31.0,2259.0,,87.0,124.0,947.0,,1182.0,297.0,,
1.0,Workstation,disco duro M.2 SSD,,Ethernet,,,AMD,1.0,DDR4,GDDR6,,ninguno,,,,,Desktop,,torre,negro,,empresas,32.0,4.0,,,,,,,,,,,5864.54,5864.54,5864.54,43.0,17.3,,65.0,64.0,3200.0,1000.0,,4.5,128.0,,41.0,4.0,280.0,1,2.0,31.0,,86.0,,7.0,193.0,8.0,,1182.0,337.0,,
1.0,Workstation,disco duro SSD,,Ethernet,,,Intel,1.0,,,64.0,,Ethernet 10/100/1000,,,,Desktop,,torre,,,,8.0,,,2.0,,2.0,,,,,,,5466.42,5466.42,5466.42,46.0,16.5,,8.0,32.0,,1000.0,4.1,4.6,,,44.0,,105.0,1,7.0,7.0,135.0,2259.0,10.0,931.0,9.0,,,200.0,397.0,9.0,9.0
1.0,Workstation,,HDMI,Ethernet,,,Intel,,DDR4,,64.0,,,,,,Desktop,,minitorre,negro,,"empresas, principiante, profesional",20.0,,,,,,,,,,,,1543.62,1543.62,1543.62,29.1,16.2,,25.0,16.0,,512.0,2.1,4.9,64.0,,35.0,,180.0,1,52.0,374.0,31.0,,529.0,14.0,3731.0,833.0,,1182.0,297.0,,749.0
1.0,Workstation,disco duro M.2 SSD,Mini-DisplayPort,Ethernet,,,Intel,1.0,DDR5,,,grabadora DVD,Ethernet 10/100/1000,,,,Desktop,,factor de forma pequeño (SFF),,,empresas,24.0,,,,,,,,,,,,2739.94,2739.94,2739.94,29.3,9.3,,30.0,16.0,,512.0,2.1,5.2,,,29.0,2.1,219.0,1,105.0,27.0,96.0,2259.0,866.0,931.0,124.0,833.0,,1182.0,337.0,,749.0
1.0,Workstation,disco duro M.2 SSD,USB-C,Ethernet,,,Intel,1.0,DDR5,GDDR6,64.0,ninguno,Ethernet 10/100/1000,,,,Desktop,,torre,negro,,,12.0,8.0,,,,,,,,,,,3286.9,3286.9,3286.9,44.4,16.8,10.5,15.0,32.0,4800.0,1024.0,,4.2,,,38.0,2.1,,1,6.0,63.0,21.0,,2.0,931.0,412.0,15.0,17.0,1182.0,813.0,18.0,3.0
1.0,Workstation,disco duro SSD,,Ethernet,Bluetooth 5.2,IEEE 802.11ax,Intel,1.0,DDR5,,64.0,ninguno,Ethernet 10/100/1000,,teclado,,Desktop,,torre,negro,,empresas,12.0,4.0,1.0,,,,,,,,,,947.14,947.14,947.14,30.8,15.5,6.1,18.0,8.0,4800.0,512.0,3.0,4.6,128.0,,33.0,,117.0,1,39.0,374.0,112.0,,529.0,43.0,3731.0,947.0,92.0,1182.0,813.0,,749.0
1.0,Workstation,disco duro SSD,,Ethernet,,,,1.0,,,64.0,,Ethernet 10/100/1000,,,,Desktop,,torre,,,,,,,,,,,,,,,,4009.59,4009.59,4009.59,45.4,16.5,,,32.0,,1000.0,,,,,44.0,,,1,,63.0,135.0,2259.0,,931.0,412.0,,,1182.0,,3.0,
1.0,Workstation,disco duro SSD,,Ethernet,Bluetooth 4.2,IEEE 802.11ac,Intel,1.0,,,64.0,,Ethernet 10/100/1000,,,,Desktop,,torre,,,empresas,16.0,,,2.0,,2.0,,,,,,,4511.85,4511.85,4511.85,43.0,18.0,,16.0,32.0,,512.0,3.9,4.5,,,38.0,,155.0,1,3.0,31.0,135.0,2259.0,10.0,931.0,193.0,,,200.0,589.0,9.0,9.0
1.0,Workstation,disco duro M.2 SSD,DisplayPort,"Ethernet, wifi, Bluetooth",Bluetooth 5.2,IEEE 802.11ax,Intel,1.0,DDR5,,,ninguno,Ethernet 10/100/1000,,,,Desktop,,,negro,,empresas,20.0,2.0,,,,,,,,,,,4240.48,4240.48,4240.48,21.8,21.1,3.1,25.0,32.0,4800.0,512.0,,5.0,,,6.0,3.6,125.0,1,20.0,63.0,94.0,2259.0,529.0,24.0,412.0,833.0,,1182.0,297.0,,749.0
2.0,Workstation,disco duro SSD,,Ethernet,,,,1.0,,,64.0,,Ethernet 10/100/1000,,,,Desktop,,torre,,,,,,,,,,,,,,,,7741.68,14283.27,11012.48,50.8,17.5,,,64.0,,1000.0,,,,,44.0,,,1,,,135.0,2259.0,,931.0,,,,1182.0,,4.0,
1.0,Workstation,disco duro SSD,,Ethernet,Bluetooth 4.2,IEEE 802.11ac,Intel,1.0,,,64.0,,Ethernet 10/100/1000,,,,Desktop,,torre,,,empresas,8.0,,,2.0,,2.0,,,,,,,3899.51,3899.51,3899.51,43.0,18.0,,8.0,32.0,,512.0,4.1,4.6,,,38.0,,105.0,1,7.0,31.0,135.0,2259.0,10.0,931.0,193.0,,,200.0,397.0,9.0,9.0
7.0,Workstation,,,"Ethernet, Bluetooth, wifi",Bluetooth 5.1,,,,,,,,Ethernet 10/100/1000,,,,Desktop,,torre,,,empresas,,,,,,,,,,,,,918.39,4307.54,2612.97,31.6,17.0,,,,,,,,,,37.0,,,1,,,135.0,,,931.0,,,,,,,
1.0,Workstation,disco duro SSD,,"Ethernet, wifi, Bluetooth",Bluetooth 5.1,,,1.0,DDR5,,64.0,ninguno,Ethernet 10/100/1000,,,,Desktop,,torre,negro,,empresas,,4.0,,,,,,,,,,,4307.54,4307.54,4307.54,31.6,17.0,9.67,,32.0,4400.0,1000.0,,,128.0,,37.0,,,1,20.0,183.0,135.0,52.0,,23.0,412.0,833.0,,1182.0,,,
2.0,Workstation,disco duro SSD,,Ethernet,,,,1.0,,,64.0,,Ethernet 10/100/1000,,,,Desktop,,torre,,,,,,,,,,,,,,,,4228.05,5482.99,4855.52,45.4,16.5,,,64.0,,1000.0,,,,,44.0,,,1,,7.0,135.0,2259.0,,931.0,9.0,,,1182.0,,3.0,
1.0,Workstation,disco duro M.2 SSD,,Ethernet,,,Intel,1.0,DDR5,GDDR6,,ninguno,Ethernet 10/100/1000,,,Ray tracing,Desktop,,,negro,,"empresas, gaming, principiante, profesional",24.0,,,,,,,,,,,,2295.0,2295.0,2295.0,30.8,15.5,,30.0,16.0,4800.0,512.0,2.1,5.2,,,33.0,2.1,219.0,1,105.0,90.0,,,866.0,57.0,679.0,833.0,,1182.0,337.0,,749.0
1.0,Workstation,disco duro SSD,,"Ethernet, wifi, Bluetooth",Bluetooth 5.1,,Intel,1.0,DDR5,,,,Ethernet 10/100/1000,,,,Desktop,,torre,negro,,empresas,24.0,,,,,,,,,,,,2573.51,2573.51,2573.51,31.6,17.0,,30.0,64.0,,1000.0,,5.2,,,37.0,3.2,125.0,1,9.0,374.0,135.0,,529.0,931.0,3731.0,356.0,,14.0,337.0,,749.0
1.0,Workstation,disco duro SSD,DisplayPort,Ethernet,,,Intel,1.0,DDR5,,64.0,,Ethernet 10/100/1000,,,,Desktop,,,negro,,,24.0,,,,,,,,,,,,2238.42,2238.42,2238.42,22.3,8.7,,30.0,32.0,,1000.0,,5.4,,,20.0,3.4,125.0,1,27.0,22.0,135.0,,866.0,931.0,679.0,833.0,,1182.0,337.0,24.0,749.0
1.0,Workstation,disco duro SSD,,Ethernet,,,Intel,1.0,DDR5,GDDR6,64.0,ninguno,Ethernet 10/100/1000,,,Ray tracing,Desktop,,,negro,,"empresas, gaming, principiante, profesional",32.0,4.0,,,,,,,,,,,2695.0,2695.0,2695.0,30.8,15.5,5.7,36.0,32.0,4800.0,1024.0,,5.6,128.0,,33.0,,,1,15.0,90.0,,,866.0,,679.0,356.0,,1182.0,194.0,,749.0
1.0,Workstation,disco duro SSD,,Ethernet,Bluetooth 5.2,IEEE 802.11ax,Intel,1.0,DDR5,,64.0,ninguno,Ethernet 10/100/1000,,,,Desktop,,torre,negro,,empresas,20.0,4.0,1.0,,,,,,,,,,1244.71,1244.71,1244.71,30.8,15.5,6.15,25.0,16.0,4800.0,512.0,2.1,4.9,128.0,,33.0,,180.0,1,52.0,374.0,112.0,,529.0,43.0,3731.0,833.0,92.0,1182.0,297.0,,749.0
2.0,Workstation,disco duro SSD,DisplayPort,wifi,,,Intel,1.0,,,,,,,,,Desktop,,,,,,12.0,,,,,,,,,,,,669.0,739.0,704.0,,,,12.0,32.0,,1000.0,2.6,4.4,,,,2.6,65.0,1,12.0,,,111.0,220.0,,124.0,947.0,,,813.0,,
1.0,Workstation,disco duro SSD,HDMI,Ethernet,,,Intel,1.0,DDR4,,64.0,ninguno,,,,,Desktop,,minitorre,negro,,"empresas, principiante, profesional",,2.0,,,,,,,,,,,767.47,767.47,767.47,29.1,16.2,,12.0,8.0,,256.0,,4.3,64.0,,35.0,3.3,,1,30.0,,31.0,2259.0,,14.0,3731.0,190.0,,1182.0,397.0,,
1.0,Workstation,,,,,,,,,,,,,,,,Desktop,,,,,,,,,,,,,,,,,,275.08,275.08,275.08,,,,,,,,,,,,,,,1,,,,,,,,,,,,,
2.0,Workstation,disco duro SSD,,"wifi, Bluetooth",,,Intel,1.0,DDR5,,,,,,,,Desktop,,,,,,24.0,,,,,,,,,,,,1999.0,2219.0,2109.0,,,,30.0,128.0,,1000.0,3.2,5.2,,,,3.2,125.0,1,10.0,2.0,,111.0,529.0,95.0,679.0,356.0,,,337.0,,
2.0,Workstation,disco duro SSD,DisplayPort,wifi,,,Intel,1.0,,,,,,,,,Desktop,,,,,,12.0,,,,,,,,,,,,759.0,829.0,794.0,,,,12.0,64.0,,1000.0,2.6,4.4,,,,2.6,65.0,1,12.0,,,111.0,220.0,,124.0,947.0,,,813.0,,
1.0,Workstation,,,Ethernet,,,,,,,,,Ethernet 10/100/1000,,,,Desktop,,,,,"profesional, empresas",,,,,,,,,,,,,2696.41,2696.41,2696.41,31.5,17.0,,,,,,,,,,37.0,,,1,,,135.0,,,931.0,,,,,,,
1.0,Workstation,disco duro M.2 SSD,DisplayPort,Ethernet,,,Intel,1.0,DDR5,,,grabadora DVD,Ethernet 10/100/1000,,,,Desktop,,torre,negro,,empresas,20.0,4.0,,,,,,,,,,,3477.29,3477.29,3477.29,38.5,16.9,6.2,25.0,16.0,4800.0,512.0,2.1,4.9,128.0,,35.0,,180.0,1,52.0,374.0,94.0,2259.0,529.0,33.0,3731.0,833.0,64.0,1182.0,297.0,,749.0
1.0,Workstation,disco duro SSD,,Ethernet,,,Intel,1.0,DDR5,,64.0,,Ethernet 10/100/1000,,,,Desktop,,torre,negro,,empresas,24.0,,,,,,,,,,,,2505.42,2505.42,2505.42,38.5,16.9,,30.0,16.0,,512.0,2.1,5.2,,,35.0,2.1,219.0,1,105.0,374.0,94.0,,866.0,931.0,3731.0,833.0,64.0,1182.0,337.0,,749.0
1.0,Workstation,disco duro SSD,,Ethernet,,,Intel,1.0,,,64.0,,Ethernet 10/100/1000,,,,Desktop,,torre,,,,16.0,,,2.0,,2.0,,,,,,,6718.72,6718.72,6718.72,46.0,16.5,,16.0,64.0,,1000.0,3.9,4.5,,,44.0,,155.0,1,3.0,7.0,135.0,2259.0,10.0,931.0,9.0,,,200.0,589.0,9.0,9.0
1.0,Workstation,disco duro M.2 SSD,,Ethernet,,,,1.0,DDR5,,64.0,grabadora DVD,Ethernet 10/100/1000,,,,Desktop,,torre,negro,,empresas,,,,,,,,,,,,,2253.61,2253.61,2253.61,38.5,16.9,7.2,,8.0,,256.0,,,,,35.0,,,1,39.0,374.0,94.0,2259.0,,33.0,3731.0,,,1182.0,,,
1.0,Workstation,disco duro M.2 SSD,,Ethernet,,,Intel,1.0,DDR4,,64.0,grabadora DVD,Ethernet 10/100/1000,,,Ray tracing,Desktop,,,negro,,"empresas, gaming, principiante, profesional",20.0,4.0,,,,,,,,,,,2395.0,2395.0,2395.0,30.8,15.5,5.7,25.0,16.0,4800.0,512.0,2.1,4.9,128.0,,33.0,2.1,180.0,1,52.0,,,86.0,529.0,57.0,679.0,833.0,,1182.0,297.0,,749.0
1.0,Workstation,disco duro SSD,,Ethernet,,,,1.0,,,64.0,,Ethernet 10/100/1000,,,,Desktop,,torre,,,,,,,,,,,,,,,,7841.83,7841.83,7841.83,50.8,17.5,,,64.0,,1000.0,,,,,44.0,,,1,,7.0,135.0,2259.0,,931.0,9.0,,,1182.0,,4.0,
1.0,Workstation,disco duro SSD,,Ethernet,,,,1.0,,,64.0,,Ethernet 10/100/1000,,,,Desktop,,torre,,,,,,,,,,,,,,,,3247.99,3247.99,3247.99,45.4,16.5,,,32.0,,512.0,,,,,44.0,,,1,6.0,63.0,135.0,2259.0,,931.0,412.0,,,1182.0,,3.0,
1.0,Workstation,disco duro M.2 SSD,,Ethernet,,,Intel,1.0,DDR4,,64.0,ninguno,Ethernet 10/100/1000,,,,Desktop,,minitorre,negro,,empresas,24.0,8.0,2.0,2.0,,2.0,,,,,,,1299.0,1299.0,1299.0,44.5,16.9,10.2,19.0,16.0,2933.0,512.0,,4.6,,,38.0,3.5,165.0,1,1.0,,21.0,52.0,10.0,7.0,,356.0,,200.0,297.0,2.0,
1.0,Workstation,disco duro SSD,DisplayPort,Ethernet,,,Intel,1.0,DDR4,,64.0,grabadora DVD,Ethernet 10/100/1000,,,,Desktop,,minitorre,negro,,empresas,8.0,,2.0,2.0,,2.0,,,,,,Intel Xeon W Family,3507.0,3507.0,3507.0,44.5,16.9,11.3,8.0,16.0,2666.0,512.0,3.6,3.9,256.0,,38.0,,120.0,1,1.0,,21.0,111.0,15.0,23.0,,,1.0,200.0,397.0,2.0,9.0
4.0,Workstation,disco duro SSD,,Ethernet,,,,1.0,,,64.0,,Ethernet 10/100/1000,,,,Desktop,,torre,,,,,,,,,,,,,,,,3247.99,5482.99,4365.49,45.4,16.5,,,,,,,,,,44.0,,,1,,,135.0,2259.0,,931.0,,,,1182.0,,1.0,
1.0,Workstation,disco duro M.2 SSD,DisplayPort,Ethernet,,,Intel,1.0,DDR5,GDDR6,64.0,ninguno,,,,,Desktop,,,negro,,empresas,12.0,2.0,,,,,,,,,,,1595.0,1595.0,1595.0,21.8,21.1,2.4,18.0,16.0,4800.0,512.0,2.5,4.4,,,6.0,2.5,117.0,1,79.0,202.0,94.0,44.0,529.0,24.0,124.0,947.0,,1182.0,813.0,,749.0
1.0,Workstation,disco duro SSD,,Ethernet,,,Intel,1.0,,,64.0,,Ethernet 10/100/1000,,,,Desktop,,torre,negro,,empresas,24.0,,,,,,,,,,,,2618.15,2618.15,2618.15,38.5,16.9,,30.0,32.0,,1000.0,,5.4,,,35.0,3.4,125.0,1,27.0,374.0,94.0,,866.0,931.0,3731.0,833.0,64.0,1182.0,337.0,,749.0
1.0,Workstation,disco duro SSD,,Ethernet,,,Intel,1.0,,,64.0,,Ethernet 10/100/1000,,,,Desktop,,torre,negro,,empresas,24.0,,,,,,,,,,,,2047.5,2047.5,2047.5,38.5,16.9,,30.0,16.0,,512.0,2.1,5.2,,,35.0,2.1,219.0,1,105.0,22.0,94.0,,866.0,931.0,679.0,833.0,64.0,1182.0,337.0,,749.0
1.0,Workstation,disco duro M.2 SSD,DisplayPort,Ethernet,,,,1.0,DDR5,,64.0,,Ethernet 10/100/1000,,,,Desktop,,,negro,,,,,,,,,,,,,,,1252.86,1252.86,1252.86,22.3,8.7,3.6,,16.0,,512.0,,,,,20.0,,,1,105.0,374.0,135.0,2259.0,,931.0,3731.0,,,1182.0,,24.0,
1.0,Workstation,disco duro SSD,,Ethernet,,,,1.0,DDR5,,64.0,,Ethernet 10/100/1000,,,,Desktop,,torre,negro,,,,,,,,,,,,,,,3597.99,3597.99,3597.99,44.4,16.8,,,32.0,,512.0,,,,,38.0,,,1,6.0,63.0,21.0,,,931.0,,,17.0,1182.0,,18.0,
1.0,Workstation,disco duro M.2 SSD,,Ethernet,,,Intel,1.0,DDR5,,,,Ethernet 10/100/1000,,,,Desktop,,,negro,,,32.0,4.0,,,,,,,,,,,5192.07,5192.07,5192.07,22.3,8.7,,36.0,64.0,4800.0,1000.0,,,128.0,,20.0,,,1,15.0,2.0,135.0,,866.0,931.0,,,,1182.0,194.0,24.0,
1.0,Workstation,disco duro SSD,DisplayPort,"Ethernet, wifi",,,Intel,1.0,,,64.0,grabadora DVD,,,,,Desktop,,,negro,,empresas,24.0,,,,,,,,,,,,2907.21,2907.21,2907.21,21.8,21.1,,30.0,16.0,,512.0,5.0,5.1,,,6.0,,65.0,1,20.0,374.0,94.0,2259.0,529.0,931.0,3731.0,356.0,,1182.0,337.0,,749.0
1.0,Workstation,disco duro SSD,DisplayPort,Ethernet,,,Intel,1.0,DDR5,,64.0,ninguno,,,,,Desktop,,,negro,,empresas,24.0,2.0,,,,,,,,,,,1895.0,1895.0,1895.0,21.8,21.1,2.4,30.0,32.0,5600.0,1000.0,2.1,5.2,64.0,,6.0,2.1,219.0,1,105.0,8.0,94.0,,866.0,9.0,124.0,833.0,,1182.0,337.0,,749.0
1.0,Workstation,disco duro HDD,,"Ethernet, wifi, Bluetooth",,,Intel,1.0,DDR4,,64.0,grabadora DVD,Ethernet 10/100/1000,,,,Desktop,,factor de forma pequeño (SFF),negro,,,4.0,4.0,1.0,2.0,1 TB,1.0,,,,,,,232.76,232.76,232.76,42.5,17.5,7.6,6.0,8.0,2133.0,,3.2,3.6,,7200.0,3.0,3.2,65.0,1,3.0,11.0,16.0,,15.0,10.0,3731.0,947.0,2.0,12.0,397.0,6.0,40.0
1.0,Workstation,disco duro SSD,,"Ethernet, Bluetooth, wifi",Bluetooth 5.3,IEEE 802.11ax,Intel,1.0,DDR5,,64.0,,Ethernet 10/100/1000,,,,Desktop,,torre,negro,,,,,,,,,,,,,,,6353.66,6353.66,6353.66,55.1,21.6,22.4,,32.0,,1000.0,,,,,44.0,,,1,,,,2259.0,,931.0,,,,1182.0,,,
2.0,Workstation,disco duro SSD,DisplayPort,"wifi, Bluetooth",,,Intel,1.0,DDR5,,,,,,,,Desktop,,,,,,20.0,,,,,,,,,,,,879.0,939.0,909.0,,,,25.0,32.0,,1000.0,2.1,4.9,,,,2.1,65.0,1,33.0,,,111.0,529.0,,679.0,833.0,,,297.0,,
1.0,Workstation,,,"Ethernet, wifi, Bluetooth",Bluetooth 5.0,,Intel,,DDR4,,64.0,grabadora DVD,Ethernet 10/100/1000,,,,Desktop,,minitorre,negro,,empresas,8.0,,,,,,,,,,,,789.98,789.98,789.98,29.3,9.5,5.0,6.0,8.0,,256.0,3.7,4.4,,,34.0,,65.0,1,7.0,108.0,31.0,,123.0,87.0,3731.0,190.0,,200.0,397.0,,135.0
2.0,Workstation,disco duro SSD,DisplayPort,"wifi, Bluetooth",,,Intel,1.0,DDR5,,,,,,,,Desktop,,,,,,20.0,,,,,,,,,,,,879.0,959.0,919.0,,,,25.0,64.0,,1000.0,2.1,4.9,,,,2.1,65.0,1,33.0,,,111.0,529.0,,124.0,833.0,,,297.0,,
2.0,Workstation,disco duro SSD,DisplayPort,"wifi, Bluetooth",,,Intel,1.0,DDR5,,,,,,,,Desktop,,,,,,20.0,,,,,,,,,,,,799.0,869.0,834.0,,,,25.0,32.0,,1000.0,2.1,4.9,,,,2.1,65.0,1,33.0,,,111.0,529.0,,124.0,833.0,,,297.0,,
1.0,Workstation,disco duro SSD,,Ethernet,,,,1.0,,,64.0,,Ethernet 10/100/1000,,,,Desktop,,torre,,,,,,,,,,,,,,,,5046.43,5046.43,5046.43,50.8,17.5,,,64.0,,1000.0,,,,,44.0,,,1,,63.0,135.0,2259.0,,931.0,412.0,,,1182.0,,4.0,
1.0,Workstation,disco duro SSD,,Ethernet,,,,1.0,,,64.0,,Ethernet 10/100/1000,,,,Desktop,,torre,,,,,,,,,,,,,,,,5888.36,5888.36,5888.36,50.8,17.5,,,64.0,,1000.0,,,,,44.0,,,1,,,135.0,2259.0,,931.0,,,,1182.0,,4.0,
2.0,Workstation,disco duro M.2 SSD,,Ethernet,,,AMD,1.0,DDR4,GDDR6,,ninguno,,,,,Desktop,,torre,negro,,empresas,24.0,4.0,,,,,,,,,,,2227.36,3112.67,2670.02,43.0,17.3,,64.0,32.0,3200.0,1000.0,4.1,4.5,128.0,,41.0,4.1,,1,4.0,63.0,,86.0,,7.0,412.0,8.0,,1182.0,297.0,,
1.0,Workstation,disco duro SSD,,Ethernet,,,Intel,,,,,ninguno,,1 entrada micrófono,,,Desktop,,,,,,12.0,,,,,,,,,,,,919.26,919.26,919.26,,,,18.0,16.0,,1000.0,2.1,4.4,,,,2.1,65.0,1,52.0,,135.0,,529.0,,,833.0,,1182.0,297.0,,749.0
1.0,Workstation,,,"Ethernet, wifi, Bluetooth",Bluetooth 5.0,,Intel,,DDR4,,64.0,grabadora DVD,Ethernet 10/100/1000,,,,Desktop,,minitorre,negro,,empresas,12.0,,,,,,,,,,,,979.98,979.98,979.98,29.3,9.5,5.0,12.0,8.0,,512.0,2.6,4.4,,,34.0,2.6,65.0,1,13.0,202.0,31.0,,30.0,87.0,3731.0,947.0,,200.0,813.0,,135.0
1.0,Workstation,disco duro M.2 SSD,DisplayPort,Ethernet,,,Intel,1.0,DDR5,,,grabadora DVD,Ethernet 10/100/1000,,,,Desktop,,factor de forma pequeño (SFF),negro,,empresas,24.0,2.0,,,,,,,,,,,1530.99,1530.99,1530.99,29.3,9.3,,30.0,16.0,4800.0,512.0,2.1,5.2,,,29.0,2.1,219.0,1,105.0,374.0,96.0,,866.0,13.0,3731.0,833.0,,1182.0,337.0,,749.0
1.0,Workstation,disco duro SSD,DisplayPort,Ethernet,Bluetooth 4.2,IEEE 802.11ac,Intel,1.0,DDR4,GDDR6,,,Ethernet 10/100/1000,,,,Desktop,,torre,negro,,empresas,8.0,,,2.0,,2.0,,,,,,,3506.68,3506.68,3506.68,43.0,18.0,14.5,8.0,32.0,,500.0,4.1,4.6,,,38.0,,105.0,1,7.0,31.0,135.0,,10.0,931.0,193.0,,,200.0,397.0,9.0,9.0
1.0,Workstation,,,wifi,,,Intel,1.0,,,,,,,,,Desktop,,,,,,20.0,,,,,,,,,,,,1729.9,1729.9,1729.9,,,,25.0,32.0,,2000.0,3.6,5.0,,,,3.6,125.0,1,27.0,191.0,,114.0,529.0,148.0,679.0,833.0,,,297.0,,
1.0,Workstation,disco duro M.2 SSD,DisplayPort,Ethernet,,,Intel,1.0,DDR5,,64.0,grabadora DVD,Ethernet 10/100/1000,,,,Desktop,,factor de forma pequeño (SFF),negro,,empresas,24.0,2.0,,,,,,,,,,,2741.95,2741.95,2741.95,29.3,9.3,3.87,30.0,16.0,4800.0,512.0,5.0,5.1,64.0,,29.0,,65.0,1,20.0,374.0,96.0,52.0,529.0,13.0,3731.0,356.0,,200.0,1.0,,749.0
1.0,Workstation,disco duro SSD,,Ethernet,Bluetooth 4.2,IEEE 802.11ac,Intel,1.0,,,64.0,,Ethernet 10/100/1000,,,,Desktop,,torre,,,empresas,8.0,,,2.0,,2.0,,,,,,,2262.85,2262.85,2262.85,43.0,18.0,,8.0,32.0,,512.0,4.1,4.6,,,38.0,,105.0,1,7.0,,135.0,2259.0,10.0,931.0,,,,200.0,397.0,9.0,9.0
1.0,Workstation,disco duro M.2 SSD,Mini-DisplayPort,"Ethernet, wifi, Bluetooth",Bluetooth 5.2,IEEE 802.11ax,Intel,1.0,DDR5,GDDR6,,,Ethernet 10/100/1000,,,,Desktop,,factor de forma ultrapequeño (USFF),,,empresas,12.0,,,,,,,,,,,,1554.21,1554.21,1554.21,18.3,17.9,,18.0,16.0,,512.0,2.0,4.4,,,3.0,,74.0,1,29.0,10.0,135.0,2259.0,529.0,931.0,124.0,947.0,,200.0,813.0,,749.0
1.0,Workstation,disco duro SSD,DisplayPort,Ethernet,,,,1.0,DDR5,,64.0,,Ethernet 10/100/1000,,,,Desktop,,torre,negro,,,,,,,,,,,,,,,7313.73,7313.73,7313.73,44.4,16.8,,,64.0,,1000.0,,,,,38.0,,,1,3.0,7.0,21.0,,,931.0,9.0,,17.0,1182.0,,18.0,
1.0,Workstation,disco duro M.2 SSD,DisplayPort,Ethernet,,,Intel,1.0,DDR5,,,ninguno,Ethernet 10/100/1000,,,,Desktop,,torre,negro,,empresas,24.0,4.0,,,,,,,,,,,2424.19,2424.19,2424.19,38.5,16.9,6.2,30.0,16.0,4800.0,512.0,5.0,5.1,,,35.0,,65.0,1,20.0,374.0,94.0,2259.0,529.0,33.0,3731.0,356.0,64.0,1182.0,337.0,,749.0
1.0,Workstation,disco duro M.2 SSD,DisplayPort,Ethernet,Bluetooth 5.1,IEEE 802.11ac,AMD,1.0,DDR4,,64.0,grabadora DVD,Ethernet 10/100/1000,,,,Desktop,lector de tarjetas,torre,negro,,,,,,,,,,,,,,,5558.79,5558.79,5558.79,46.0,16.5,24.0,64.0,32.0,,512.0,,4.3,,,44.0,3.9,,1,1.0,31.0,135.0,86.0,,7.0,193.0,,,200.0,,,
1.0,Workstation,disco duro SSD,,"Ethernet, wifi, Bluetooth",Bluetooth 5.2,IEEE 802.11ax,,1.0,,,64.0,,Ethernet 10/100/1000,,,,Desktop,,factor de forma ultrapequeño (USFF),,,empresas,,,,,,,,,,,,,1281.83,1281.83,1281.83,18.3,17.9,,,16.0,,512.0,,,,,3.0,,,1,12.0,374.0,135.0,2259.0,,931.0,3731.0,,,200.0,,,
1.0,Workstation,disco duro SSD,,Ethernet,,,Intel,1.0,,,64.0,,Ethernet 10/100/1000,,,,Desktop,,torre,,,,16.0,,,2.0,,2.0,,,,,,,2182.6,2182.6,2182.6,46.0,16.5,,16.0,16.0,,512.0,3.9,4.5,,,44.0,,155.0,1,3.0,,135.0,2259.0,10.0,931.0,,,,200.0,589.0,9.0,9.0
1.0,Workstation,disco duro SSD,,Ethernet,,,AMD,1.0,DDR4,,64.0,,Ethernet 10/100/1000,,,,Desktop,,,negro,,"profesional, empresas",,,,,,,,,,,,,2489.26,2489.26,2489.26,31.5,17.0,,,32.0,,512.0,,,,,37.0,,,1,3.0,63.0,135.0,2259.0,,931.0,412.0,295.0,,200.0,,,
1.0,Workstation,disco duro SSD,Mini-DisplayPort,Ethernet,,,Intel,1.0,DDR4,,64.0,,Ethernet 10/100/1000,,,,Desktop,,torre,plateado,,empresas,16.0,,,,,,,,,,Intel W580,,2422.8,2422.8,2422.8,31.5,17.0,,16.0,32.0,,512.0,3.6,5.0,128.0,,37.0,,95.0,1,3.0,63.0,135.0,2259.0,30.0,931.0,54.0,833.0,,200.0,589.0,,135.0
1.0,Workstation,disco duro M.2 SSD,,"Ethernet, wifi, Bluetooth",Bluetooth 5.1,,,1.0,DDR5,GDDR6,64.0,ninguno,,,,,Desktop,,torre,negro,,empresas,,,,,,,,,,,,,1880.29,1880.29,1880.29,31.6,17.0,,,32.0,,1000.0,,,,,37.0,,,1,20.0,183.0,135.0,111.0,,931.0,412.0,,,1182.0,,,
1.0,Workstation,disco duro M.2 SSD,Mini-DisplayPort,"Ethernet, wifi, Bluetooth",Bluetooth 5.2,IEEE 802.11ax,Intel,1.0,DDR5,GDDR6,,,Ethernet 10/100/1000,,,,Desktop,,factor de forma ultrapequeño (USFF),,,empresas,20.0,,,,,,,,,,,,2602.24,2602.24,2602.24,18.3,17.9,,25.0,32.0,,1000.0,3.4,4.7,,,3.0,,35.0,1,13.0,27.0,135.0,2259.0,529.0,931.0,679.0,833.0,,200.0,297.0,,749.0
1.0,Workstation,disco duro M.2 SSD,DisplayPort,,,,Intel,1.0,DDR5,GDDR6,,,,,,,Desktop,,torre,negro,,empresas,32.0,,,,,,,,,,,,4210.99,4210.99,4210.99,,,,36.0,32.0,,1000.0,3.2,6.0,,,,3.2,125.0,1,25.0,31.0,135.0,111.0,207.0,,193.0,356.0,,1182.0,194.0,,
1.0,Workstation,disco duro SSD,,Ethernet,,,Intel,1.0,DDR5,GDDR6,64.0,,Ethernet 10/100/1000,,,,Desktop,,factor de forma pequeño (SFF),negro,,empresas,24.0,2.0,,,,,,,,,,,1641.9,1641.9,1641.9,29.3,9.3,5.38,30.0,16.0,4800.0,512.0,2.1,5.2,64.0,,29.0,2.1,219.0,1,105.0,27.0,96.0,63.0,866.0,13.0,124.0,833.0,,1182.0,337.0,,749.0
1.0,Workstation,disco duro SSD,DisplayPort,Ethernet,,,Intel,1.0,DDR5,,64.0,grabadora DVD,Ethernet 10/100/1000,,,,Desktop,,factor de forma pequeño (SFF),negro,,empresas,24.0,2.0,,,,,,,,,,,1764.99,1764.99,1764.99,29.3,9.3,,,16.0,5600.0,512.0,,5.2,64.0,,29.0,2.1,,1,105.0,374.0,96.0,,,13.0,3731.0,833.0,,1182.0,337.0,,
2.0,Workstation,disco duro M.2 SSD,DisplayPort,Ethernet,,,Intel,1.0,DDR5,,64.0,ninguno,Ethernet 10/100/1000,,,,Desktop,,,negro,,,28.0,,,,,,,,,,,,1724.82,1893.26,1809.04,22.3,8.7,,33.0,32.0,,1000.0,2.1,5.4,,,20.0,2.1,65.0,1,69.0,374.0,135.0,2259.0,207.0,931.0,3731.0,833.0,,1182.0,160.0,24.0,749.0
1.0,Workstation,disco duro M.2 SSD,DisplayPort,Ethernet,,,Intel,1.0,DDR5,GDDR6,,ninguno,Ethernet 10/100/1000,,,,Desktop,,torre,negro,,empresas,28.0,,,,,,,,,,,,4960.51,4960.51,4960.51,38.5,16.9,,33.0,32.0,4800.0,1000.0,,5.6,,,35.0,3.4,125.0,1,27.0,24.0,94.0,86.0,866.0,33.0,193.0,833.0,64.0,1182.0,160.0,,
2.0,Workstation,disco duro M.2 SSD,Mini-DisplayPort,,,,Intel,1.0,DDR5,GDDR6,,,,,,,Desktop,,torre,negro,,empresas,28.0,,,,,,,,,,,,2073.64,2137.72,2105.68,,,,33.0,32.0,,512.0,2.1,5.4,,,,2.1,65.0,1,69.0,22.0,135.0,111.0,207.0,,679.0,833.0,,1182.0,160.0,,
1.0,Workstation,disco duro SSD,DisplayPort,Ethernet,,,Intel,1.0,DDR5,GDDR6,64.0,ninguno,,,,,Desktop,,,negro,,empresas,28.0,2.0,,,,,,,,,,,1899.0,1899.0,1899.0,21.8,21.1,2.4,33.0,16.0,5600.0,512.0,,5.4,,,6.0,2.1,,1,69.0,63.0,94.0,,866.0,24.0,412.0,833.0,,1182.0,160.0,,749.0
1.0,Workstation,disco duro SSD,DisplayPort,Ethernet,,,,1.0,DDR5,GDDR6,64.0,ninguno,,,,,Desktop,,,negro,,empresas,,2.0,,,,,,,,,,,1993.37,1993.37,1993.37,21.8,21.1,2.4,,32.0,5600.0,1000.0,,,64.0,,6.0,,,1,15.0,63.0,94.0,2259.0,,24.0,412.0,356.0,,1182.0,,,
1.0,Workstation,disco duro SSD,,Ethernet,,,Intel,1.0,DDR5,GDDR6,64.0,ninguno,Ethernet 10/100/1000,,,Ray tracing,Desktop,,,negro,,"empresas, gaming, principiante, profesional",,4.0,,,1 TB,,,,,,,,2390.0,2390.0,2390.0,30.8,15.5,5.7,32.0,32.0,4800.0,1000.0,,5.6,128.0,,33.0,2.0,,1,15.0,90.0,,,,57.0,679.0,356.0,,1182.0,194.0,,
1.0,Workstation,disco duro M.2 SSD,,Ethernet,,,Intel,1.0,DDR5,GDDR6,,ninguno,Ethernet 10/100/1000,,,Ray tracing,Desktop,,,negro,,"empresas, gaming, principiante, profesional",20.0,4.0,,,,,,,,,,,2726.03,2726.03,2726.03,30.8,15.5,5.7,24.0,16.0,4800.0,512.0,2.7,5.2,128.0,,33.0,2.7,65.0,1,7.0,8.0,,2259.0,866.0,57.0,124.0,947.0,,1182.0,163.0,,749.0
1.0,Workstation,disco duro SSD,,Ethernet,,,Intel,1.0,DDR5,GDDR6,64.0,ninguno,Ethernet 10/100/1000,,,Ray tracing,Desktop,,,negro,,"empresas, gaming, principiante, profesional",,4.0,,,,,,,,,,,1909.0,1909.0,1909.0,30.8,15.5,,,32.0,4800.0,512.0,,5.2,128.0,,33.0,2.1,,1,105.0,183.0,,2259.0,,,412.0,833.0,,1182.0,337.0,,
4.0,Workstation,,,Ethernet,,,,,,,,,Ethernet 10/100/1000,,,,Desktop,,torre,,,,,,,2.0,,2.0,,,,,,,2182.6,6718.72,4450.66,46.0,16.5,,,,,,,,,,44.0,,,1,,,135.0,,,931.0,,,,,,2.0,
1.0,Workstation,disco duro M.2 SSD,DisplayPort,Ethernet,,,Intel,1.0,DDR5,GDDR6,,ninguno,,,,,Desktop,,,negro,,empresas,28.0,2.0,,,,,,,,,,,3231.94,3231.94,3231.94,21.8,21.1,,33.0,32.0,,512.0,,5.4,64.0,,6.0,2.1,,1,69.0,2.0,94.0,2259.0,866.0,24.0,124.0,833.0,,1182.0,160.0,,
2.0,Workstation,disco duro SSD,DisplayPort,Ethernet,,,Intel,1.0,DDR5,GDDR6,64.0,ninguno,Ethernet 10/100/1000,,,Ray tracing,Desktop,,,negro,,"empresas, gaming, principiante, profesional",,4.0,,,,,,,,,,,1529.96,1809.0,1669.48,30.8,15.5,,12.0,16.0,4800.0,512.0,,4.9,128.0,,33.0,2.1,,1,52.0,,,,,57.0,2.0,833.0,,1182.0,297.0,,
1.0,Workstation,disco duro SSD,,Ethernet,,,Intel,1.0,DDR5,GDDR6,64.0,ninguno,Ethernet 10/100/1000,,,Ray tracing,Desktop,,,negro,,"empresas, gaming, principiante, profesional",,4.0,,,,,,,,,,,1959.0,1959.0,1959.0,30.8,15.5,,24.0,16.0,4800.0,512.0,,5.2,128.0,,33.0,2.1,,1,105.0,183.0,,,,57.0,412.0,833.0,,1182.0,337.0,,
2.0,Workstation,disco duro M.2 SSD,Mini-DisplayPort,,,,Intel,1.0,DDR5,GDDR6,,,,,,,Desktop,,torre,negro,,empresas,28.0,,,,,,,,,,,,3179.99,3185.99,3182.99,,,,33.0,32.0,,1000.0,3.4,5.6,,,,3.4,125.0,1,27.0,63.0,135.0,111.0,207.0,,412.0,833.0,,1182.0,160.0,,
1.0,Workstation,disco duro SSD,DisplayPort,Ethernet,,,Intel,1.0,DDR5,,64.0,ninguno,Ethernet 10/100/1000,,,,Desktop,,torre,negro,,empresas,24.0,4.0,,,,,,,,,,,3274.81,3274.81,3274.81,38.5,16.9,7.2,30.0,32.0,4800.0,1000.0,2.1,5.2,,,35.0,2.1,219.0,1,105.0,27.0,94.0,,866.0,33.0,679.0,833.0,64.0,1182.0,337.0,,749.0
1.0,Workstation,disco duro SSD,DisplayPort,Ethernet,,,Intel,,DDR5,GDDR6,64.0,ninguno,,,,,Desktop,,,negro,,empresas,24.0,2.0,,,,,,,,,,,1579.0,1579.0,1579.0,21.8,21.1,2.4,30.0,16.0,5600.0,512.0,2.1,5.2,64.0,,6.0,2.1,219.0,1,105.0,27.0,94.0,,866.0,24.0,679.0,833.0,,1182.0,337.0,,749.0
1.0,Workstation,disco duro M.2 SSD,DisplayPort,Ethernet,,,Intel,1.0,DDR5,,64.0,ninguno,Ethernet 10/100/1000,,,Ray tracing,Desktop,,torre,negro,,empresas,32.0,4.0,,,,,,,,,,,2309.13,2309.13,2309.13,38.5,16.9,7.2,36.0,32.0,4800.0,1000.0,,5.4,128.0,,35.0,3.0,125.0,1,19.0,374.0,94.0,2259.0,866.0,33.0,3731.0,356.0,,1182.0,194.0,,749.0
1.0,Workstation,disco duro SSD,DisplayPort,Ethernet,,,Intel,1.0,DDR5,GDDR6,64.0,ninguno,Ethernet 10/100/1000,,,,Desktop,,torre,negro,,empresas,24.0,4.0,,,,,,,,,,,1719.13,1719.13,1719.13,38.5,16.9,7.2,30.0,16.0,4800.0,512.0,2.1,5.2,128.0,,35.0,2.1,219.0,1,105.0,27.0,94.0,2259.0,866.0,10.0,679.0,833.0,64.0,1182.0,337.0,,749.0
1.0,Workstation,disco duro SSD,,Ethernet,,,Intel,,DDR5,,64.0,ninguno,,,,,Desktop,,,negro,,empresas,20.0,,,,,,,,,,,,1790.0,1790.0,1790.0,21.8,21.1,,24.0,16.0,,512.0,3.5,5.1,,,6.0,3.5,,1,1.0,,94.0,,866.0,931.0,,947.0,,1182.0,337.0,,749.0
2.0,Workstation,disco duro M.2 SSD,,Ethernet,,,Intel,1.0,DDR5,GDDR6,,ninguno,Ethernet 10/100/1000,,,Ray tracing,Desktop,,,negro,,"empresas, gaming, principiante, profesional",32.0,4.0,,,,,,,,,,,2356.77,2403.6,2380.18,30.8,15.5,5.7,36.0,32.0,4800.0,1000.0,2.0,5.8,128.0,,33.0,2.0,65.0,1,11.0,487.0,,2259.0,207.0,57.0,679.0,356.0,,1182.0,194.0,,749.0
1.0,Workstation,disco duro SSD,,Ethernet,,,,1.0,DDR5,GDDR6,64.0,ninguno,Ethernet 10/100/1000,,,Ray tracing,Desktop,,,negro,,"empresas, gaming, principiante, profesional",,4.0,,,,,,,,,,,2455.21,2455.21,2455.21,30.8,15.5,5.7,,32.0,4800.0,1000.0,,,128.0,,33.0,,,1,105.0,183.0,,,,,412.0,833.0,,1182.0,,,
2.0,Workstation,disco duro SSD,DisplayPort,Ethernet,,,Intel,1.0,DDR5,,64.0,ninguno,Ethernet 10/100/1000,,,Ray tracing,Desktop,,,negro,,"empresas, gaming, principiante, profesional",28.0,,,,,,,,,,,,1126.47,1177.59,1152.03,30.8,15.5,5.7,33.0,32.0,4800.0,1000.0,2.1,5.4,128.0,,33.0,2.1,65.0,1,69.0,374.0,,,207.0,57.0,19.0,833.0,,1182.0,160.0,,749.0
1.0,Workstation,disco duro M.2 SSD,DisplayPort,Ethernet,,,Intel,1.0,DDR5,GDDR6,,ninguno,,,,,Desktop,,,negro,,empresas,32.0,,,,,,,,,,,,3524.11,3524.11,3524.11,21.8,21.1,,36.0,64.0,4800.0,1000.0,,5.8,,,6.0,2.0,,1,11.0,24.0,94.0,2259.0,866.0,24.0,193.0,356.0,,1182.0,194.0,,
1.0,Workstation,disco duro SSD,DisplayPort,Ethernet,,,Intel,1.0,DDR5,,64.0,ninguno,Ethernet 10/100/1000,,,,Desktop,,torre,negro,,empresas,24.0,4.0,,,,,,,,,,,1059.18,1059.18,1059.18,38.5,16.9,7.2,30.0,16.0,4800.0,1000.0,2.1,5.2,128.0,,35.0,2.1,219.0,1,105.0,374.0,94.0,2259.0,866.0,33.0,3731.0,833.0,64.0,1182.0,337.0,,749.0
1.0,Workstation,disco duro M.2 SSD,DisplayPort,Ethernet,,,Intel,1.0,DDR5,GDDR6,,ninguno,,,,,Desktop,,,negro,,empresas,20.0,2.0,,,,,,,,,,,2747.12,2747.12,2747.12,21.8,21.1,,24.0,16.0,4800.0,512.0,,5.2,64.0,,6.0,2.7,,1,7.0,2.0,94.0,2259.0,866.0,24.0,124.0,947.0,,1182.0,163.0,,
1.0,Workstation,disco duro SSD,DisplayPort,Ethernet,,,Intel,1.0,DDR5,GDDR6,64.0,ninguno,Ethernet 10/100/1000,,,,Desktop,,torre,negro,,empresas,,4.0,,,1 TB,,,,,,,,3350.0,3350.0,3350.0,38.5,16.9,7.2,32.0,64.0,4800.0,1000.0,,5.8,128.0,,35.0,3.0,,1,19.0,31.0,94.0,,,33.0,,356.0,64.0,1182.0,194.0,,
1.0,Workstation,,,,,,,,,,,,,,,,Desktop,,,,,,,,,,,,,,,,,,210.9,210.9,210.9,,,,,,,,,,,,,,,1,,,,,,,,,,,,,
2.0,Workstation,disco duro SSD,,,,,Intel,,DDR4,,,,,,,,Desktop,,,,,,20.0,,,,,,,,,,,,3332.71,3452.0,3392.36,,,,25.0,16.0,,512.0,2.1,4.9,,,,2.1,180.0,1,52.0,,,,529.0,,,833.0,,,297.0,,749.0
1.0,Workstation,disco duro SSD,,Ethernet,Bluetooth 5.1,IEEE 802.11ac,AMD,1.0,,,64.0,,Ethernet 10/100/1000,,,,Desktop,lector de tarjetas,torre,,,,24.0,,,,,,,,,,,,3387.0,3387.0,3387.0,46.0,16.5,,64.0,64.0,,1000.0,4.1,4.5,,,44.0,,280.0,1,4.0,,135.0,2259.0,,931.0,,,,1182.0,297.0,,
1.0,Workstation,disco duro M.2 SSD,DisplayPort,,,,Intel,1.0,DDR5,GDDR6,,,,,,,Desktop,,torre,negro,,empresas,32.0,,,,,,,,,,,,7232.39,7232.39,7232.39,,,,36.0,64.0,,1000.0,3.2,6.0,,,,3.2,125.0,1,25.0,7.0,135.0,111.0,207.0,,30.0,356.0,,1182.0,194.0,,
1.0,Workstation,,,"Ethernet, wifi",,,Intel,1.0,,,,,,,,,Desktop,,desktop,negro,,,,,,,,,,,,,,,1747.19,1747.19,1747.19,36.0,17.0,,,,,512.0,,,,,39.0,,,1,,,94.0,,,931.0,,,,,,24.0,
1.0,Workstation,disco duro SSD,,Ethernet,,,Intel,,DDR5,GDDR6,64.0,ninguno,Ethernet 10/100/1000,,,Ray tracing,Desktop,,,negro,,"empresas, gaming, principiante, profesional",28.0,4.0,,,,,,,,,,,2312.48,2312.48,2312.48,30.8,15.5,,33.0,32.0,4800.0,512.0,2.1,5.4,128.0,,33.0,2.1,65.0,1,69.0,,,,207.0,,1.0,833.0,,1182.0,160.0,,749.0
1.0,Workstation,disco duro SSD,DisplayPort,Ethernet,,,Intel,,DDR5,GDDR6,64.0,ninguno,Ethernet 10/100/1000,,,,Desktop,,,negro,,,24.0,4.0,,,,,,,,,,,2703.62,2703.62,2703.62,22.3,8.7,3.6,30.0,16.0,4800.0,512.0,2.1,5.2,128.0,,20.0,2.1,219.0,1,105.0,63.0,135.0,,866.0,9.0,412.0,833.0,,1182.0,337.0,10.0,749.0
1.0,Workstation,disco duro SSD,,Ethernet,,,Intel,,DDR5,GDDR6,64.0,ninguno,Ethernet 10/100/1000,,,Ray tracing,Desktop,,,negro,,"empresas, gaming, principiante, profesional",28.0,4.0,,,,,,,,,,,2302.53,2302.53,2302.53,30.8,15.5,,33.0,16.0,4800.0,512.0,2.1,5.4,128.0,,33.0,2.1,65.0,1,69.0,,,,207.0,,412.0,833.0,,1182.0,160.0,,749.0
1.0,Workstation,disco duro M.2 SSD,DisplayPort,Ethernet,,,Intel,1.0,DDR5,,,ninguno,Ethernet 10/100/1000,,,,Desktop,,torre,negro,,empresas,28.0,,,,,,,,,,,,1998.55,1998.55,1998.55,38.5,16.9,,33.0,32.0,4800.0,1000.0,,5.6,,,35.0,3.4,125.0,1,27.0,374.0,94.0,86.0,866.0,33.0,3731.0,833.0,64.0,1182.0,160.0,,
1.0,Workstation,disco duro M.2 SSD,Mini-DisplayPort,Ethernet,,,,1.0,DDR5,GDDR6,64.0,ninguno,Ethernet 10/100/1000,,,,Desktop,,,negro,,,,,,,,,,,,,,,2197.91,2197.91,2197.91,22.3,8.7,,,32.0,,512.0,,,,,20.0,,,1,7.0,10.0,135.0,2259.0,,931.0,124.0,,,1182.0,,24.0,
1.0,Workstation,disco duro SSD,DisplayPort,Ethernet,,,Intel,1.0,DDR5,GDDR6,,ninguno,Ethernet 10/100/1000,,,,Desktop,,torre,negro,,empresas,28.0,,,,,,,,,,,,2275.92,2275.92,2275.92,38.5,16.9,,33.0,16.0,4800.0,512.0,,5.6,128.0,,35.0,3.4,125.0,1,27.0,63.0,94.0,86.0,866.0,33.0,412.0,833.0,64.0,1182.0,160.0,,
1.0,Workstation,disco duro M.2 SSD,,Ethernet,,,Intel,1.0,DDR5,GDDR6,,ninguno,Ethernet 10/100/1000,,,,Desktop,,torre,negro,,empresas,32.0,,,,,,,,,,,,4711.72,4711.72,4711.72,38.5,16.9,,36.0,32.0,4800.0,1000.0,,6.0,,,35.0,3.2,125.0,1,25.0,31.0,94.0,86.0,866.0,33.0,193.0,356.0,64.0,1182.0,194.0,,
1.0,Workstation,disco duro M.2 SSD,Mini-DisplayPort,Ethernet,,,Intel,1.0,DDR5,GDDR6,,,,,,,Desktop,,,negro,,,28.0,,,,,,,,,,,,3185.99,3185.99,3185.99,22.3,8.7,,33.0,32.0,,1000.0,2.1,5.4,,,20.0,2.1,65.0,1,69.0,63.0,135.0,2259.0,207.0,931.0,412.0,833.0,,1182.0,160.0,,
1.0,Workstation,disco duro SSD,,Ethernet,,,Intel,,DDR5,,64.0,ninguno,Ethernet 10/100/1000,,,Ray tracing,Desktop,,,negro,,"empresas, gaming, principiante, profesional",28.0,4.0,,,,,,,,,,,1592.4,1592.4,1592.4,30.8,15.5,,33.0,16.0,4800.0,512.0,2.1,5.4,128.0,,33.0,2.1,65.0,1,69.0,374.0,,,207.0,,3731.0,833.0,,1182.0,160.0,,749.0
1.0,Workstation,disco duro M.2 SSD,DisplayPort,Ethernet,,,Intel,1.0,DDR5,,,ninguno,Ethernet 10/100/1000,,,,Desktop,,torre,negro,,empresas,28.0,,,,,,,,,,,,1687.82,1687.82,1687.82,38.5,16.9,,33.0,16.0,4800.0,512.0,2.1,5.4,,,35.0,2.1,65.0,1,69.0,374.0,94.0,86.0,207.0,33.0,3731.0,833.0,64.0,1182.0,160.0,,749.0
2.0,Workstation,,,Ethernet,,,,,,,,,,,,,Desktop,,minitorre,,,"empresas, principiante, profesional",,,,,,,,,,,,,767.47,1543.62,1155.55,29.1,16.2,,,,,,,,,,35.0,,,1,,,31.0,,,,,,,,,,
5.0,Workstation,disco duro SSD,,Ethernet,,,,1.0,,,64.0,,Ethernet 10/100/1000,,,,Desktop,,torre,,,,,,,,,,,,,,,,5046.43,14283.27,9664.85,50.8,17.5,,,,,1000.0,,,,,44.0,,,1,,,135.0,2259.0,,931.0,,,,1182.0,,1.0,
2.0,Workstation,disco duro SSD,,"Ethernet, Bluetooth, wifi",Bluetooth 5.3,IEEE 802.11ax,Intel,1.0,DDR5,,64.0,,Ethernet 10/100/1000,,,,Desktop,,torre,negro,,,,,,,,,,,,,,,5677.9,6353.66,6015.78,55.1,21.6,,,,,,,,,,44.0,,,1,,,,,,931.0,,,,1182.0,,,
5.0,Workstation,,,Ethernet,Bluetooth 4.2,IEEE 802.11ac,,,,,,,Ethernet 10/100/1000,,,,Desktop,,torre,,,empresas,,,,2.0,,2.0,,,,,,,1874.22,4511.85,3193.04,43.0,18.0,,,,,,,,,,38.0,,,1,,,135.0,,,931.0,,,,,,2.0,
1.0,Workstation,disco duro HDD,,Ethernet,,,Intel,1.0,DDR4,,64.0,grabadora DVD,,,,,Desktop,,minitorre,negro,,empresas,12.0,,,,1 TB,,compatible 4K,,mate,,,,2451.75,2451.75,2451.75,,,,12.0,16.0,2666.0,,3.2,4.6,,7200.0,,3.2,65.0,1,6.0,1.0,16.0,,21.0,931.0,679.0,833.0,6.0,200.0,813.0,34.0,40.0
2.0,Workstation,,,Ethernet,,,,,,,,,Ethernet 10/100/1000,,,,Desktop,,minitorre,,,empresas,,,2.0,2.0,,2.0,,,,,,,1299.0,3507.0,2403.0,44.5,16.9,,,,,,,,,,38.0,,,1,,,21.0,,,931.0,,,,,,1.0,
1.0,Workstation,,,"Bluetooth, wifi, Ethernet",,,,,,,,,Ethernet 10/100/1000,,,,Desktop,,factor de forma pequeño (SFF),,,,,,1.0,2.0,,1.0,,,,,,,232.76,232.76,232.76,42.5,17.5,,,,,,,,,,3.0,,,1,,,16.0,,,931.0,,,,,,6.0,
1.0,Workstation,disco duro SSD,,Ethernet,,,Intel,1.0,DDR4,,64.0,lector DVD,,,,,Desktop,,desktop,negro,,"empresas, profesional",8.0,4.0,1.0,2.0,,3.0,,,,,,,1459.0,1459.0,1459.0,44.2,17.0,8.6,8.0,16.0,2133.0,256.0,4.2,4.5,64.0,,39.0,4.2,95.0,1,1.0,20.0,,1.0,14.0,9.0,3731.0,833.0,,200.0,397.0,1.0,40.0
1.0,Workstation,disco duro M.2 SSD,,Ethernet,,,Intel,1.0,DDR5,,64.0,ninguno,Ethernet 10/100/1000,,,,Desktop,,,negro,,empresas,24.0,4.0,,,,,,,,,,,5212.51,5212.51,5212.51,31.6,17.0,9.7,30.0,64.0,4400.0,1000.0,,5.2,128.0,,37.0,3.2,125.0,1,9.0,7.0,135.0,63.0,529.0,23.0,19.0,356.0,,1182.0,337.0,,749.0
1.0,Workstation,disco duro HDD,,Ethernet,,,Intel,1.0,DDR4,,64.0,grabadora DVD,Ethernet 10/100/1000,,,,Desktop,,torre,negro,,,8.0,4.0,,,1 TB,,,,,,,,1295.0,1295.0,1295.0,44.2,17.0,8.6,8.0,8.0,2133.0,,3.4,4.0,,7200.0,39.0,3.4,65.0,1,7.0,11.0,1.0,,15.0,1.0,3731.0,833.0,1.0,,397.0,,40.0
5.0,Workstation,,,Ethernet,,,AMD,,DDR4,,,,,,,,Desktop,,torre,,,empresas,,,,,,,,,,,,,1860.79,5864.54,3862.66,43.0,17.3,,,,,,,4.5,,,41.0,,,1,,,,,,931.0,,,,,,,
1.0,Workstation,disco duro SSD,,,,,Intel,,,,,,,,,,Desktop,,,,,,28.0,,,,,,,,,,,,1622.14,1622.14,1622.14,,,,33.0,16.0,,1000.0,2.1,5.4,,,,2.1,65.0,1,69.0,,,2259.0,207.0,93.0,193.0,833.0,,1182.0,160.0,,
1.0,Workstation,disco duro SSD,DisplayPort,Ethernet,,,Intel,1.0,DDR5,GDDR6,64.0,grabadora DVD,Ethernet 10/100/1000,,,,Desktop,,torre,negro,,empresas,24.0,,,,,,,,,,,,3682.99,3682.99,3682.99,38.5,16.9,,30.0,32.0,,1000.0,,5.4,,,35.0,3.4,125.0,1,27.0,31.0,94.0,,866.0,931.0,193.0,833.0,64.0,1182.0,337.0,,749.0
1.0,Workstation,,,Ethernet,,,,,,,,,Ethernet 10/100/1000,,,,Desktop,,factor de forma ultrapequeño (USFF),,,,,,,,,,,,,,,,498.0,498.0,498.0,,,,,0.5,,,1.0,,,,,1.0,,1,1.0,1.0,1.0,,,,1.0,,,1.0,3.0,,
2.0,Workstation,disco duro M.2 SSD,,"wifi, Bluetooth, Ethernet",Bluetooth 5.0,IEEE 802.11ac,Intel,1.0,DDR5,,,grabadora DVD,Ethernet 10/100/1000,,,,Desktop,,torre,negro,,empresas,20.0,,,,,,,,,,,,989.0,1059.0,1024.0,,,,25.0,64.0,5600.0,1000.0,1.6,4.9,96.0,,,2.1,65.0,1,33.0,1.0,,86.0,529.0,12.0,679.0,833.0,49.0,1182.0,297.0,,749.0
2.0,Workstation,disco duro SSD,Mini-DisplayPort,Ethernet,,,Intel,1.0,DDR5,,64.0,,Ethernet 10/100/1000,,,,Desktop,,torre,negro,,empresas,24.0,,,,,,,,,,,,2049.62,4071.05,3060.34,38.5,16.9,,30.0,16.0,,512.0,,5.4,,,35.0,3.4,125.0,1,27.0,63.0,94.0,,866.0,931.0,412.0,833.0,64.0,1182.0,337.0,,749.0
1.0,Workstation,disco duro SSD,,,,,Intel,1.0,,,,,,,,,Desktop,,torre,,,,28.0,,,,,,,,,,,,2388.32,2388.32,2388.32,,,,33.0,16.0,,1000.0,2.1,5.4,,,,2.1,65.0,1,69.0,31.0,,2259.0,207.0,93.0,193.0,833.0,,1182.0,160.0,,
1.0,Workstation,,VGA,Ethernet,,,Intel,,DDR4,,,grabadora DVD,,,,,Desktop,,torre,negro,,profesional,20.0,,,,,,,,mate,,,,4990.0,4990.0,4990.0,66.64,17.58,36.9,13.0,16.0,2933.0,,2.4,3.2,768.0,,42.0,2.4,100.0,1,1.0,1.0,1.0,,10.0,23.0,,,,,233.0,,1.0
